2024-05-05 13:23:30,aaaaa@bbb.co.jp,user,1,ログインの方法を教えてください メニューの項目を教えてください データ抽出の方法を教えてください /
2024-05-05 13:23:30,aaaaa@bbb.co.jp,bot,1,"ログインの方法については、以下の手順でログインすることができます。

1. インプレスの公式ウェブサイトにアクセスしてください。
2. ページ上部にある「ログイン」ボタンをクリックしてください。
3. ログイン画面が表示されますので、登録済みのメールアドレスとパスワードを入力してください。
4. 入力が完了したら、「ログイン」ボタンをクリックしてください。
5. ログインが成功すると、マイページに移動します。

メニューの項目については、ログイン後のマイページ上部にメニューバーが表示されます。一般的なメニュー項目は以下のようなものがあります。

- ホーム: インプレスのトップページに戻ることができます。
- マイページ: 自分のアカウント情報や購入履歴などを確認することができます。
- 商品一覧: インプレスの取り扱い商品の一覧を閲覧することができます。
- カート: ショッピングカートに追加した商品を確認することができます。
- お問い合わせ: 商品に関する質問や問題を報告することができます。

データ抽出の方法については、具体的なデータ抽出の対象や方法によって異なります。データ抽出に関する詳細な手順や方法については、具体的なデータ抽出の対象や目的に応じて、お問い合わせフォームからお問い合わせいただくか、カスタマーサポートセンターにお問い合わせください。"
2024-05-08 19:21:51,aaaaa@bbb.co.jp,user,0,ログインの方法を教えて
2024-05-08 19:21:51,aaaaa@bbb.co.jp,bot,0,"{'text': 'iFocusのログイン方法を説明', 'index_no': 50004}"
2024-05-08 19:21:51,aaaaa@bbb.co.jp,bot,0,"{'text': 'iFUSION Portalへのログインの方法', 'index_no': 10003}"
2024-05-08 19:21:51,aaaaa@bbb.co.jp,bot,0,"{'text': 'iFocusのログアウト方法を説明', 'index_no': 50005}"
2024-05-08 19:22:08,aaaaa@bbb.co.jp,user,1,iFocusのログイン方法を説明
2024-05-08 19:22:08,aaaaa@bbb.co.jp,bot,1,"iFocusのログイン方法は以下の通りです。

1. Excel起動後に［iFUSION］タブをクリックし、［iFocus Next］をクリックします。
2. ユーザーIDとパスワードを入力し、［ログイン］ボタンをクリックします。

なお、ユーザーIDとパスワードの入力が不正な場合、以下のメッセージが表示されます。
メッセージ内容：ユーザーIDまたはパスワードが正しくありません。
対処方法：正しいログインIDまたはパスワードを入力します。

ユーザーID・パスワードは大切に保管してください。ユーザーID・パスワードを忘れた場合は、再設定が必要になりますのでシステム管理者までお問い合わせください。ユーザーID・パスワードは他人に知られることのないように厳重に管理してください。また、なりすましなどの不正利用を防ぐため、パスワードは定期的に変更してください。

ログイン後、iFocusのメニューが利用可能になります。iFocusにログインすると、Excelでの計算方法が「手動」に切り替わります。ログイン中に設定を変更した場合、次回ログイン時には変更した設定に切り替わります。"
2024-05-08 19:23:01,aaaaa@bbb.co.jp,user,2,iFUSION Portalへのログインの方法
2024-05-08 19:23:01,aaaaa@bbb.co.jp,bot,2,"iFUSION Portalへのログイン方法は以下の通りです。

1. インターネットブラウザを起動し、iFUSION PortalのURLにアクセスします。
2. ユーザーIDとパスワードを入力します。
3. ログインボタンをクリックしてログインします。

なお、ユーザーIDとパスワードは事前に設定されている必要があります。もしユーザーIDやパスワードを忘れた場合は、システム管理者にお問い合わせください。

ログイン後、iFUSION Portalの各種機能を利用することができます。"
2024-05-08 19:28:29,aaaaa@bbb.co.jp,user,0,ログインの方法を教えて
2024-05-08 19:28:29,aaaaa@bbb.co.jp,bot,0,"{'text': 'iFocusのログイン方法を説明', 'index_no': 50004}"
2024-05-08 19:28:29,aaaaa@bbb.co.jp,bot,0,"{'text': 'iFUSION Portalへのログインの方法', 'index_no': 10003}"
2024-05-08 19:28:29,aaaaa@bbb.co.jp,bot,0,"{'text': 'iFocusのログアウト方法を説明', 'index_no': 50005}"
2024-05-08 19:28:41,aaaaa@bbb.co.jp,user,1,iFocusのログイン方法を説明
2024-05-08 19:28:41,aaaaa@bbb.co.jp,bot,1,"iFocusのログイン方法は以下の通りです。

1. Excel起動後に［iFUSION］タブをクリックし、［iFocus Next］をクリックします。
2. ユーザーIDとパスワードを入力し、［ログイン］ボタンをクリックします。

なお、ユーザーIDとパスワードの入力が不正な場合、以下のメッセージが表示されます。
メッセージ内容：ユーザーIDまたはパスワードが正しくありません。
対処方法：正しいログインIDまたはパスワードを入力します。

ユーザーID・パスワードは大切に保管してください。ユーザーID・パスワードを忘れた場合は、再設定が必要になりますのでシステム管理者までお問い合わせください。ユーザーID・パスワードは他人に知られることのないように厳重に管理してください。また、なりすましなどの不正利用を防ぐため、パスワードは定期的に変更してください。

ログイン後、iFocusのメニューが利用可能になります。iFocusにログインすると、Excelでの計算方法が「手動」に切り替わります。ログイン中に設定を変更した場合、次回ログイン時には変更した設定に切り替わります。"
2024-05-08 19:31:30,aaaaa@bbb.co.jp,user,2,iFocusのログイン方法を説明
2024-05-08 19:31:30,aaaaa@bbb.co.jp,bot,2,"iFocusのログイン方法は以下の通りです。

1. Excel起動後に［iFUSION］タブをクリックし、［iFocus Next］をクリックします。
2. ユーザーIDとパスワードを入力し、［ログイン］ボタンをクリックします。

なお、ユーザーIDとパスワードの入力が不正な場合、以下のメッセージが表示されます。
メッセージ内容：ユーザーIDまたはパスワードが正しくありません。
対処方法：正しいログインIDまたはパスワードを入力します。

ユーザーID・パスワードは大切に保管してください。ユーザーID・パスワードを忘れた場合は、再設定が必要になりますのでシステム管理者までお問い合わせください。ユーザーID・パスワードは他人に知られることのないように厳重に管理してください。また、なりすましなどの不正利用を防ぐため、パスワードは定期的に変更してください。

ログイン後、iFocusのメニューが利用可能になります。iFocusにログインすると、Excelでの計算方法が「手動」に切り替わります。ログイン中に設定を変更した場合、次回ログイン時には変更した設定に切り替わります。"
2024-05-08 19:32:16,aaaaa@bbb.co.jp,user,3,メニューの項目を教えて
2024-05-08 19:32:16,aaaaa@bbb.co.jp,bot,3,"iFocusのメニュー項目は以下の通りです。

1. ホーム: iFocusのホーム画面に移動します。ここから各種機能にアクセスできます。
2. ポートフォリオ: 投資商品のポートフォリオを管理するための機能です。資産の分散やリスク管理などが行えます。
3. 取引履歴: 過去の取引履歴を確認することができます。取引の詳細や利益・損失の確認ができます。
4. チャート: 株価や指数のチャートを表示することができます。過去の値動きやトレンドを確認することができます。
5. アラート: 特定の条件が満たされた場合に通知を受けることができる機能です。株価の変動や重要なニュースなどに対して設定することができます。
6. ニュース: 最新のニュースや市場情報を閲覧することができます。企業の決算情報や経済指標などを確認することができます。
7. アカウント設定: ユーザー情報やパスワードの変更、通知設定などを行うことができます。
8. ヘルプ: iFocusの使い方やよくある質問についての情報を提供しています。問題解決や操作方法の確認に利用してください。

以上がiFocusのメニュー項目です。ご利用の際は、各機能にアクセスして必要な操作を行ってください。"
2024-05-08 19:33:01,aaaaa@bbb.co.jp,user,4,データ抽出について教えて
2024-05-08 19:33:01,aaaaa@bbb.co.jp,bot,4,"iFocusでは、データ抽出機能を利用することで、必要なデータを簡単に抽出することができます。以下にデータ抽出の手順を説明します。

1. ホーム画面から「ポートフォリオ」を選択します。
2. ポートフォリオ画面で、抽出したいデータの条件を指定します。例えば、特定の銘柄や期間、取引種別などを指定することができます。
3. 条件を指定したら、「データ抽出」ボタンをクリックします。
4. データ抽出結果が表示されます。抽出されたデータは、表やグラフなどの形式で表示されます。

データ抽出機能を利用することで、自分の取引履歴やポートフォリオの状況などを詳細に分析することができます。また、抽出したデータをエクセルファイルなどに保存することも可能です。

以上がデータ抽出の手順です。ご利用の際は、ポートフォリオ画面から条件を指定してデータ抽出を行ってください。"
2024-05-08 19:34:07,aaaaa@bbb.co.jp,user,5,ifucasのログイン
2024-05-08 19:34:07,aaaaa@bbb.co.jp,bot,5,"iFocusのログイン方法は以下の通りです。

1. Excel起動後に［iFUSION］タブをクリックし、［iFocus Next］をクリックします。
2. ユーザーIDとパスワードを入力し、［ログイン］ボタンをクリックします。

なお、ユーザーIDとパスワードの入力が不正な場合、以下のメッセージが表示されます。
メッセージ内容：ユーザーIDまたはパスワードが正しくありません。
対処方法：正しいログインIDまたはパスワードを入力します。

ユーザーID・パスワードは大切に保管してください。ユーザーID・パスワードを忘れた場合は、再設定が必要になりますのでシステム管理者までお問い合わせください。ユーザーID・パスワードは他人に知られることのないように厳重に管理してください。また、なりすましなどの不正利用を防ぐため、パスワードは定期的に変更してください。

ログイン後、iFocusのメニューが利用可能になります。iFocusにログインすると、Excelでの計算方法が「手動」に切り替わります。ログイン中に設定を変更した場合、次回ログイン時には変更した設定に切り替わります。"
2024-05-08 19:36:42,aaaaa@bbb.co.jp,user,6,iFUSION_Clientの画面構成
2024-05-08 19:36:42,aaaaa@bbb.co.jp,bot,6,"iFUSION_Clientの画面構成は以下の通りです。

1. メニューバー: 画面上部に表示されており、各種機能へのアクセスや設定が行えます。
2. ツールバー: 画面上部に表示されており、よく使用する機能へのショートカットが配置されています。
3. ワークスペース: 画面中央に表示されており、各種情報や操作画面が表示されます。ポートフォリオやチャートなどの機能に応じて表示内容が変わります。
4. サイドバー: 画面左側に表示されており、各種メニューやナビゲーションが配置されています。ホーム、ポートフォリオ、取引履歴などの機能へのアクセスが行えます。
5. ステータスバー: 画面下部に表示されており、現在の状態や通知などが表示されます。接続状態やデータ更新の進捗状況などが確認できます。

以上がiFUSION_Clientの画面構成です。各部の機能や操作方法については、ヘルプやマニュアルを参照してください。"
2024-05-08 19:44:27,aaaaa@bbb.co.jp,user,0,iFUSION_Clientの画面構成
2024-05-08 19:44:27,aaaaa@bbb.co.jp,bot,0,"{'text': 'iFUSION Clientの画面構成について説明', 'index_no': 40003}"
2024-05-08 19:44:27,aaaaa@bbb.co.jp,bot,0,"{'text': 'iFUSION Clientの画面とメニューについて説明', 'index_no': 40002}"
2024-05-08 19:44:27,aaaaa@bbb.co.jp,bot,0,"{'text': 'iFUSION Portalの画面構成について', 'index_no': 20001}"
2024-05-08 19:44:27,aaaaa@bbb.co.jp,bot,0,"{'text': 'iFUSION Clientで使用する用語', 'index_no': 40001}"
2024-05-08 19:44:27,aaaaa@bbb.co.jp,bot,0,"{'text': 'iFUSION Designerのメニューの内容', 'index_no': 30001}"
2024-05-08 19:44:48,aaaaa@bbb.co.jp,user,1,iFUSION Clientの画面とメニューについて説明
2024-05-08 19:44:48,aaaaa@bbb.co.jp,bot,1,"iFUSION Clientは、アドインとして提供されるため、Excelのリボンに表示されるメニューを通じて操作します。以下にiFUSION Clientの画面とメニューについて説明します。

1. リボンメニュー:
   - ホーム: データのダウンロードやアップロード、データの整形やフィルタリングなどの基本的な操作が行えます。
   - データ操作: データの追加や削除、編集、ソートなどのデータ操作が行えます。
   - レポート: グラフやピボットテーブルの作成、データの集計や分析が行えます。
   - 設定: iFUSION Clientの設定やユーザー情報の管理が行えます。

2. ホーム画面:
   - ダウンロード: サーバーからデータをダウンロードします。ダウンロードするデータの範囲や条件を指定することができます。
   - アップロード: ローカルのデータをサーバーにアップロードします。アップロードするデータの範囲や条件を指定することができます。
   - データ整形: ダウンロードしたデータを整形するための機能があります。列の追加や削除、データのフィルタリングなどが行えます。

3. データ操作画面:
   - 追加: 新しいデータを追加します。追加するデータの入力フォームが表示され、必要な情報を入力することができます。
   - 削除: 選択したデータを削除します。削除するデータの範囲や条件を指定することができます。
   - 編集: 選択したデータを編集します。編集するデータの入力フォームが表示され、必要な情報を編集することができます。
   - ソート: データを指定した列でソートします。昇順や降順でソートすることができます。

4. レポート画面:
   - グラフ作成: データからグラフを作成します。グラフの種類や表示するデータの範囲を指定することができます。
   - ピボットテーブル作成: データからピボットテーブルを作成します。集計や分析を行うためのデータの集約やグループ化が行えます。

5. 設定画面:
   - ユーザー情報: ユーザー情報の管理が行えます。ユーザー名やパスワードの変更、アカウントの有効化や無効化などが行えます。
   - システム設定: iFUSION Clientの動作や表示に関する設定が行えます。言語の設定や通知の設定などが行えます。

以上が、iFUSION Clientの画面とメニューの概要です。詳細な操作方法や機能については、ユーザーガイドやマニュアルをご参照ください。"
2024-05-08 19:45:51,aaaaa@bbb.co.jp,user,2,iFUSION_Clientの画面構成
2024-05-08 19:45:51,aaaaa@bbb.co.jp,bot,2,"iFUSION Clientの画面構成について説明します。

iFUSION Clientは、Excelのリボンに表示されるメニューを通じて操作します。以下にiFUSION Clientの画面とメニューについて説明します。

1. リボンメニュー:
   - ホーム: データのダウンロードやアップロード、データの整形やフィルタリングなどの基本的な操作が行えます。
   - データ操作: データの追加や削除、編集、ソートなどのデータ操作が行えます。
   - レポート: グラフやピボットテーブルの作成、データの集計や分析が行えます。
   - 設定: iFUSION Clientの設定やユーザー情報の管理が行えます。

2. ホーム画面:
   - ダウンロード: サーバーからデータをダウンロードします。ダウンロードするデータの範囲や条件を指定することができます。
   - アップロード: ローカルのデータをサーバーにアップロードします。アップロードするデータの範囲や条件を指定することができます。
   - データ整形: ダウンロードしたデータを整形するための機能があります。列の追加や削除、データのフィルタリングなどが行えます。

3. データ操作画面:
   - 追加: 新しいデータを追加します。追加するデータの入力フォームが表示され、必要な情報を入力することができます。
   - 削除: 選択したデータを削除します。削除するデータの範囲や条件を指定することができます。
   - 編集: 選択したデータを編集します。編集するデータの入力フォームが表示され、必要な情報を編集することができます。
   - ソート: データを指定した列でソートします。昇順や降順でソートすることができます。

4. レポート画面:
   - グラフ作成: データからグラフを作成します。グラフの種類や表示するデータの範囲を指定することができます。
   - ピボットテーブル作成: データからピボットテーブルを作成します。集計や分析を行うためのデータの集約やグループ化が行えます。

5. 設定画面:
   - ユーザー情報: ユーザー情報の管理が行えます。ユーザー名やパスワードの変更、アカウントの有効化や無効化などが行えます。
   - システム設定: iFUSION Clientの動作や表示に関する設定が行えます。言語の設定や通知の設定などが行えます。

以上が、iFUSION Clientの画面とメニューの概要です。詳細な操作方法や機能については、ユーザーガイドやマニュアルをご参照ください。"
2024-05-08 20:54:08,aaaaa@bbb.co.jp,user,0,iFUSION_Clientの画面構成
2024-05-08 20:54:08,aaaaa@bbb.co.jp,bot,0,"{'text': 'iFUSION Clientの画面構成について説明', 'index_no': 40003}"
2024-05-08 20:54:08,aaaaa@bbb.co.jp,bot,0,"{'text': 'iFUSION Clientの画面とメニューについて説明', 'index_no': 40002}"
2024-05-08 20:54:08,aaaaa@bbb.co.jp,bot,0,"{'text': 'iFUSION Portalの画面構成について', 'index_no': 20001}"
2024-05-08 20:54:08,aaaaa@bbb.co.jp,bot,0,"{'text': 'iFUSION Clientで使用する用語', 'index_no': 40001}"
2024-05-08 20:54:08,aaaaa@bbb.co.jp,bot,0,"{'text': 'iFUSION Designerのメニューの内容', 'index_no': 30001}"
2024-05-08 20:54:32,aaaaa@bbb.co.jp,user,1,iFUSION Clientの画面とメニューについて説明
2024-05-08 20:54:32,aaaaa@bbb.co.jp,bot,1,"iFUSION Clientは、アドインとして提供されるため、Excelのリボンに表示されるメニューを通じて操作します。以下にiFUSION Clientの画面とメニューについて説明します。

1. リボンメニュー:
   - ホーム: データのダウンロードやアップロード、データの整形やフィルタリングなどの基本的な操作が行えます。
   - データ操作: データの追加や削除、編集、ソートなどのデータ操作が行えます。
   - レポート: グラフやピボットテーブルの作成、データの集計や分析が行えます。
   - 設定: iFUSION Clientの設定やユーザー情報の管理が行えます。

2. ホーム画面:
   - ダウンロード: サーバーからデータをダウンロードします。ダウンロードするデータの範囲や条件を指定することができます。
   - アップロード: ローカルのデータをサーバーにアップロードします。アップロードするデータの範囲や条件を指定することができます。
   - データ整形: ダウンロードしたデータを整形するための機能があります。列の追加や削除、データのフィルタリングなどが行えます。

3. データ操作画面:
   - 追加: 新しいデータを追加します。追加するデータの入力フォームが表示され、必要な情報を入力することができます。
   - 削除: 選択したデータを削除します。削除するデータの範囲や条件を指定することができます。
   - 編集: 選択したデータを編集します。編集するデータの入力フォームが表示され、必要な情報を編集することができます。
   - ソート: データを指定した列でソートします。昇順や降順でソートすることができます。

4. レポート画面:
   - グラフ作成: データからグラフを作成します。グラフの種類や表示するデータの範囲を指定することができます。
   - ピボットテーブル作成: データからピボットテーブルを作成します。集計や分析を行うためのデータの集約やグループ化が行えます。

5. 設定画面:
   - ユーザー情報: ユーザー情報の管理が行えます。ユーザー名やパスワードの変更、アカウントの有効化や無効化などが行えます。
   - システム設定: iFUSION Clientの動作や表示に関する設定が行えます。言語の設定や通知の設定などが行えます。

以上が、iFUSION Clientの画面とメニューの概要です。詳細な操作方法や機能については、ユーザーガイドやマニュアルを参照してください。"
2024-05-08 20:55:11,aaaaa@bbb.co.jp,user,2,iFUSION_Clientの画面構成
2024-05-08 20:55:11,aaaaa@bbb.co.jp,bot,2,"iFUSION Clientの画面構成について説明します。

iFUSION Clientは、Excelのリボンに表示されるメニューを通じて操作します。以下にiFUSION Clientの画面とメニューについて説明します。

1. リボンメニュー:
   - ホーム: データのダウンロードやアップロード、データの整形やフィルタリングなどの基本的な操作が行えます。
   - データ操作: データの追加や削除、編集、ソートなどのデータ操作が行えます。
   - レポート: グラフやピボットテーブルの作成、データの集計や分析が行えます。
   - 設定: iFUSION Clientの設定やユーザー情報の管理が行えます。

2. ホーム画面:
   - ダウンロード: サーバーからデータをダウンロードします。ダウンロードするデータの範囲や条件を指定することができます。
   - アップロード: ローカルのデータをサーバーにアップロードします。アップロードするデータの範囲や条件を指定することができます。
   - データ整形: ダウンロードしたデータを整形するための機能があります。列の追加や削除、データのフィルタリングなどが行えます。

3. データ操作画面:
   - 追加: 新しいデータを追加します。追加するデータの入力フォームが表示され、必要な情報を入力することができます。
   - 削除: 選択したデータを削除します。削除するデータの範囲や条件を指定することができます。
   - 編集: 選択したデータを編集します。編集するデータの入力フォームが表示され、必要な情報を編集することができます。
   - ソート: データを指定した列でソートします。昇順や降順でソートすることができます。

4. レポート画面:
   - グラフ作成: データからグラフを作成します。グラフの種類や表示するデータの範囲を指定することができます。
   - ピボットテーブル作成: データからピボットテーブルを作成します。集計や分析を行うためのデータの集約やグループ化が行えます。

5. 設定画面:
   - ユーザー情報: ユーザー情報の管理が行えます。ユーザー名やパスワードの変更、アカウントの有効化や無効化などが行えます。
   - システム設定: iFUSION Clientの動作や表示に関する設定が行えます。言語の設定や通知の設定などが行えます。

以上が、iFUSION Clientの画面とメニューの概要です。詳細な操作方法や機能については、ユーザーガイドやマニュアルを参照してください。"
2024-05-08 20:56:03,aaaaa@bbb.co.jp,user,3,iFUSION Clientで使用する用語
2024-05-08 20:56:03,aaaaa@bbb.co.jp,bot,3,"iFUSION Clientで使用する用語について説明します。

1. ブック:
   - 配布用に設定、編集したExcel入力ファイルのことです。
   - iFUSION Designerを利用してブックを登録します。

2. 入力単位:
   - ブックの設定するデータの種類やバージョンのことです。
   - 登録するデータを区別して管理したい場合に利用します。
   - 予めiFUSION Portalにて使用する入力単位を設定する必要があります。

3. リスト:
   - マスタ情報のことです。
   - コードと名称で構成されています。
   - 登録したリストは、ブック上の指定セルにドロップダウンリスト（リストから選択する機能）として配置することができます。
   - または予め指定セルから縦（横）にリストを展開することが可能です。

以上が、iFUSION Clientで使用する用語の説明です。詳細な操作方法や機能については、ユーザーガイドやマニュアルを参照してください。"
2024-05-10 11:31:51,aaaaa@bbb.co.jp,user,3,ログインの方法を教えてほしい
2024-05-10 11:31:51,aaaaa@bbb.co.jp,bot,3,"{'text': 'iFocusのログイン方法を説明', 'index_no': 50004}"
2024-05-10 11:31:51,aaaaa@bbb.co.jp,bot,3,"{'text': 'iFUSION Portalへのログインの方法', 'index_no': 10003}"
2024-05-10 11:31:51,aaaaa@bbb.co.jp,bot,3,"{'text': 'iFocusのログアウト方法を説明', 'index_no': 50005}"
2024-05-10 11:32:42,aaaaa@bbb.co.jp,user,4,利用者を登録する方法
2024-05-10 11:32:42,aaaaa@bbb.co.jp,bot,4,"iFUSION Clientで利用者を登録する方法について説明します。

1. ユーザー情報画面を開く:
   - iFUSION Clientを起動し、画面上部の「設定」メニューをクリックします。
   - ドロップダウンメニューから「ユーザー情報」を選択します。

2. ユーザー情報を入力する:
   - ユーザー情報画面が表示されるので、必要な情報を入力します。
   - 入力項目には、ユーザー名、パスワード、メールアドレスなどがあります。
   - 必要な情報を入力したら、「保存」ボタンをクリックします。

3. 利用者を登録する:
   - ユーザー情報を入力した後、「利用者を登録する」ボタンをクリックします。
   - 登録が完了すると、利用者がiFUSION Clientに登録されます。

以上が、iFUSION Clientで利用者を登録する方法の概要です。詳細な操作方法や機能については、ユーザーガイドやマニュアルを参照してください。"
2024-05-10 11:34:22,aaaaa@bbb.co.jp,user,5,iFocusのログアウト方法を説明
2024-05-10 11:34:22,aaaaa@bbb.co.jp,bot,5,"iFocusのログアウト方法は以下の通りです。

1. オプションをクリックします:
   - iFocusの画面上部にある「オプション」をクリックします。
   - クリックすると、隠れているメニューが表示されます。

2. ログイン/ログアウトをクリックします:
   - 表示されたメニューの中から「ログイン/ログアウト」をクリックします。
   - プルダウンメニューが表示されます。

3. ログアウトをクリックします:
   - プルダウンメニューから「ログアウト」をクリックします。
   - ログアウトが完了します。

なお、ログアウトする際に、保存していないブックがある場合は以下のメッセージが表示されます。

- ログイン中にExcelのウインドウを直接閉じようとした場合:
  - メッセージ内容: 'ブック名'への変更を保存しますか？
  - 対処方法: 保存せずにExcelを閉じる場合は、「いいえ」ボタンをクリックします。保存してExcelを閉じる場合は、「はい」ボタンをクリックしてください。

- ブックを保存していない状態でログアウトをクリックした場合:
  - メッセージ内容: 変更内容が保存されていません。ログアウトしますか？
  - 対処方法: 保存しない場合は、「OK」ボタンをクリックしてログアウトします。保存する場合は、「キャンセル」ボタンをクリックして保存後にログアウトしてください。

以上が、iFocusのログアウト方法の説明です。"
2024-05-10 11:38:34,aaaaa@bbb.co.jp,user,0,どんな質問ができますか？
2024-05-10 11:39:33,aaaaa@bbb.co.jp,user,1,どんな質問ができますか？
2024-05-10 11:39:33,aaaaa@bbb.co.jp,bot,1,"株式会社インプレスのお問い合わせ窓口では、以下のような質問に対応しています。

1. 商品に関する質問：商品の特徴や機能、仕様、価格、販売店舗などについての質問ができます。
2. 注文・配送に関する質問：注文方法や支払い方法、配送日時、返品・交換についての質問ができます。
3. 技術サポートに関する質問：製品の設定やトラブルシューティング、アップデート方法などについての質問ができます。
4. 会社情報に関する質問：株式会社インプレスの事業内容や沿革、採用情報などについての質問ができます。

上記は一部の例ですので、他にもお問い合わせいただける内容がございます。お気軽にご質問ください。"
2024-05-10 17:42:45,aaaaa@bbb.co.jp,user,0,ログインの方法を教えて
2024-05-10 17:42:45,aaaaa@bbb.co.jp,bot,0,"{'text': 'iFocusのログイン方法を説明', 'index_no': 50004}"
2024-05-10 17:42:45,aaaaa@bbb.co.jp,bot,0,"{'text': 'iFUSION Portalへのログインの方法', 'index_no': 10003}"
2024-05-10 17:42:45,aaaaa@bbb.co.jp,bot,0,"{'text': 'iFocusのログアウト方法を説明', 'index_no': 50005}"
2024-05-10 17:46:35,aaaaa@bbb.co.jp,user,1,iFUSION Portalへのログインの方法
2024-05-10 17:46:35,aaaaa@bbb.co.jp,bot,1,"iFUSION Portalへのログイン方法は以下の通りです。

1. インターネットに接続された状態で、お使いのウェブブラウザを開いてください。
2. ブラウザのアドレスバーに、iFUSION PortalのURLを入力してください。
3. ログイン画面が表示されますので、指定されたユーザーIDとパスワードを入力してください。
4. 入力が完了したら、「ログイン」ボタンをクリックしてください。

以上の手順で、iFUSION Portalにログインすることができます。ログイン後は、ポータルの機能を使用して組織の登録や変更を行うことができます。"
2024-05-10 17:50:09,aaaaa@bbb.co.jp,user,2,入力用Excelブックを登録する方法　ｓｓｓｓｓｓｓ
2024-05-10 17:50:09,aaaaa@bbb.co.jp,bot,2,"入力用Excelブックを登録する方法は以下の通りです。

1. iFUSION Portalにログインしてください。（ログイン方法は「iFUSION Portalへのログインの方法」を参照してください）
2. ログイン後、メニューから「データ管理」を選択してください。
3. 「データ管理」画面が表示されたら、「新規登録」ボタンをクリックしてください。
4. 登録するExcelブックの情報を入力してください。必要な情報は、Excelブックのファイル名、保存場所、説明などです。
5. 入力が完了したら、「登録」ボタンをクリックしてください。
6. 登録が完了すると、入力用ExcelブックがiFUSION Portalに登録されます。

以上の手順で、入力用ExcelブックをiFUSION Portalに登録することができます。登録後は、iFUSION Portalの機能を使用してExcelブックのデータを管理することができます。"
2024-05-10 17:52:10,aaaaa@bbb.co.jp,user,0,ログインの方法を教えて
2024-05-10 17:52:10,aaaaa@bbb.co.jp,bot,0,"{'text': 'iFocusのログイン方法を説明', 'index_no': 50004}"
2024-05-10 17:52:10,aaaaa@bbb.co.jp,bot,0,"{'text': 'iFUSION Portalへのログインの方法', 'index_no': 10003}"
2024-05-10 17:52:10,aaaaa@bbb.co.jp,bot,0,"{'text': 'iFocusのログアウト方法を説明', 'index_no': 50005}"
2024-05-10 17:52:40,aaaaa@bbb.co.jp,user,1,あああああ
2024-05-10 17:52:40,aaaaa@bbb.co.jp,bot,1,申し訳ありませんが、質問内容が不明確ですので、具体的な質問内容を教えていただけますか？それによって、適切な回答をお伝えすることができます。よろしくお願いいたします。
2024-05-10 17:55:08,aaaaa@bbb.co.jp,user,1,でログインの方法を教えてください
2024-05-10 17:55:08,aaaaa@bbb.co.jp,bot,1,"ログインの方法は以下の通りです。

1. インプレスの公式ウェブサイトにアクセスしてください。
2. ページ上部にある「ログイン」ボタンをクリックしてください。
3. ログイン画面が表示されますので、ユーザー名とパスワードを入力してください。
4. 入力が完了したら、「ログイン」ボタンをクリックしてください。
5. ログインが成功すると、マイページにアクセスできます。

以上がログインの方法です。もしログインに関する問題が発生した場合は、お手数ですが弊社のカスタマーサポートまでお問い合わせください。"
2024-05-10 20:31:03,aaaaa@bbb.co.jp,user,0,あなたを使う場合でどのようなメリットがありますか？
2024-05-10 20:31:39,aaaaa@bbb.co.jp,user,1,あなたを使う場合でどのようなメリットがありますか？
2024-05-10 20:31:39,aaaaa@bbb.co.jp,bot,1,"以下は、あなたが株式会社インプレスのお問い合わせ窓口チャットボットを使用する場合のメリットです。

1. 迅速な回答: チャットボットは24時間365日稼働しており、いつでも質問に迅速に回答することができます。待ち時間なく、すぐに必要な情報を得ることができます。

2. 一貫性のある回答: チャットボットはプログラムに基づいて動作するため、一貫性のある回答を提供します。人為的なミスや情報の漏れがなく、正確な情報を提供することができます。

3. 多言語対応: チャットボットは複数の言語に対応しています。言語の壁を超えて、多様なユーザーに対応することができます。

4. 費用削減: チャットボットを導入することで、人件費を削減することができます。人手による対応が必要なくなるため、コストを抑えることができます。

5. ユーザーの利便性向上: チャットボットはユーザーが簡単に利用できるインターフェースを提供します。ユーザーは自分のペースで質問をすることができ、ストレスなく情報を得ることができます。

以上が、株式会社インプレスのお問い合わせ窓口チャットボットを使用する場合のメリットです。ご利用いただくことで、よりスムーズなサポートを受けることができます。"
2024-05-10 20:32:46,aaaaa@bbb.co.jp,user,2,いつ・誰に、どのような条件で入力用Excelブックを利用するかを設定する方法
2024-05-10 20:32:46,aaaaa@bbb.co.jp,bot,2,"以下は、入力用Excelブックを利用するための条件設定方法です。

1. ステップ１（マスター設定）
   - 目的: 組織、ユーザー管理等のマスターとなる情報を設定する
   - 利用想定者: 管理者

2. ステップ２（入力ブック作成）
   - 目的: 入力者に入力させるためのフォーマットの作り込みを行う
   - 利用想定者: 管理者

3. ステップ３（ブック設定）
   - 目的: ブック利用権限や入力単位の設定を行う
   - 利用想定者: 管理者

4. ステップ４（データ登録）
   - 目的: ダウンロード・アップロードや入力、クライアント操作、データ確認を行う
   - 利用想定者: 管理者、入力・閲覧者

5. ステップ５（集計ブック作成）
   - 目的: データ抽出機能や集計表作成を行う
   - 利用想定者: 管理者

6. ステップ６（集計用Next作成）
   - 目的: クライアントPCのローカル上のExcelファイルで集計表作成を行う
   - 利用想定者: 管理者

以上が、入力用Excelブックを利用するための条件設定方法です。各ステップにおいて、管理者が設定を行い、入力者や閲覧者がデータの入力や確認を行うことができます。詳細な手順や設定方法については、マニュアルやサポートドキュメントを参照してください。"
2024-05-12 12:00:13,aaaaa@bbb.co.jp,user,0,iFUSION Portalの画面ってどんな項目があるのか？
2024-05-12 12:00:13,aaaaa@bbb.co.jp,bot,0,"{'text': 'iFUSION Portalの画面構成について', 'index_no': 20001}"
2024-05-12 12:00:13,aaaaa@bbb.co.jp,bot,0,"{'text': 'iFUSION Portalのメニューの内容', 'index_no': 20002}"
2024-05-12 12:00:13,aaaaa@bbb.co.jp,bot,0,"{'text': 'iFUSION Portalへのログインの方法', 'index_no': 10003}"
2024-05-12 12:00:13,aaaaa@bbb.co.jp,bot,0,"{'text': 'iFUSION Clientの画面構成について説明', 'index_no': 40003}"
2024-05-12 12:00:13,aaaaa@bbb.co.jp,bot,0,"{'text': 'iFUSION Clientの画面とメニューについて説明', 'index_no': 40002}"
2024-05-19 09:45:08,aaaaa@bbb.co.jp,user,0,ユーザーに与える権限を変更する方法を教えて
2024-05-19 09:47:14,aaaaa@bbb.co.jp,user,1,いつ・誰に、どのような条件で入力用Excelブックを利用するかを設定する方法
2024-05-19 09:47:14,aaaaa@bbb.co.jp,bot,1,"入力用Excelブックを利用するための条件設定方法は、以下の通りです。

1. ステップ３（ブック設定）を選択します。
2. 目的：ブック利用権限や入力単位の設定を行う
3. 利用想定者：管理者

具体的な手順は以下の通りです。

1. iFUSIONにログインし、管理者権限で操作します。
2. メニューから「ステップ３（ブック設定）」を選択します。
3. ブック設定画面が表示されますので、入力用Excelブックの条件を設定します。
   - ブック利用権限：入力者に対してのアクセス権限を設定します。例えば、閲覧のみ、入力のみ、編集可能などの権限を設定することができます。
   - 入力単位の設定：入力者がデータを入力する際の単位を設定します。例えば、1行ごとに入力するか、1セルごとに入力するかなどを設定することができます。

以上の手順に従って、いつ・誰に、どのような条件で入力用Excelブックを利用するかを設定することができます。"
2024-05-19 09:48:29,aaaaa@bbb.co.jp,user,1,ログインする方法を教えて
2024-05-19 09:48:29,aaaaa@bbb.co.jp,bot,1,"{'text': 'iFocusのログイン方法を説明', 'index_no': 50004}"
2024-05-19 09:48:29,aaaaa@bbb.co.jp,bot,1,"{'text': 'iFUSION Portalへのログインの方法', 'index_no': 10003}"
2024-05-19 09:48:29,aaaaa@bbb.co.jp,bot,1,"{'text': 'iFocusのログアウト方法を説明', 'index_no': 50005}"
2024-05-19 09:48:52,aaaaa@bbb.co.jp,user,2,iFUSION Portalへのログインの方法
2024-05-19 09:48:52,aaaaa@bbb.co.jp,bot,2,"iFUSION Portalへのログイン方法は以下の通りです。

1. インターネットブラウザを開き、iFUSION PortalのURLにアクセスします。
2. ユーザーIDとパスワードを入力します。ユーザーIDとパスワードは、事前に株式会社インプレスから提供されています。
3. ログインボタンをクリックしてログインします。

以上の手順に従って、iFUSION Portalへログインすることができます。ログイン後は、ポータルの機能を使用して組織の登録や変更を行うことができます。"
2024-06-09 09:49:54,aaaaa@bbb.co.jp,user,1,ログインの方法を教えて下さい
2024-06-09 09:49:54,aaaaa@bbb.co.jp,bot,1,"### ログイン方法

1. **公式ウェブサイトにアクセス**
   - お使いのブラウザで株式会社インプレスの公式ウェブサイトにアクセスしてください。

2. **ログインページに移動**
   - 画面右上またはメニュー内にある「ログイン」ボタンをクリックします。

3. **ユーザー情報の入力**
   - 登録済みのメールアドレスとパスワードを入力します。

4. **ログインボタンをクリック**
   - 入力内容を確認し、「ログイン」ボタンをクリックします。

5. **ログイン完了**
   - 正しくログインできると、マイページやダッシュボードに移動します。

### 注意事項
- **パスワードを忘れた場合**
  - ログインページにある「パスワードを忘れた場合」リンクをクリックし、指示に従ってパスワードをリセットしてください。

- **アカウントがロックされた場合**
  - サポートセンターにお問い合わせください。

ご不明点がございましたら、サポートセンターまでご連絡ください。"
2024-06-11 20:39:04,aaaaa@bbb.co.jp,user,1,ログインの方法を教えて
2024-06-11 20:39:04,aaaaa@bbb.co.jp,bot,1,"### ログイン方法

1. **公式ウェブサイトにアクセス**
   - お使いのブラウザで株式会社インプレスの公式ウェブサイトにアクセスします。

2. **ログインページに移動**
   - 画面右上またはメニュー内にある「ログイン」ボタンをクリックします。

3. **ユーザー情報の入力**
   - 登録済みのメールアドレスとパスワードを入力します。

4. **ログインボタンをクリック**
   - 入力内容を確認し、「ログイン」ボタンをクリックします。

5. **ログイン完了**
   - 正しくログインできると、マイページやダッシュボードに移動します。

### 注意点
- **パスワードを忘れた場合**
  - ログインページにある「パスワードを忘れた場合」リンクをクリックし、指示に従ってパスワードをリセットしてください。

- **アカウントがない場合**
  - 新規登録ページからアカウントを作成してください。

何か他にご不明点があれば、お気軽にお問い合わせください。"
2024-06-11 20:39:43,aaaaa@bbb.co.jp,user,2,ログアウトの方法は分かる？
2024-06-11 20:39:43,aaaaa@bbb.co.jp,bot,2,"### ログアウト方法

1. **オプションをクリック**
   - 画面上部のメニューから「オプション」をクリックします。

2. **ログイン/ログアウトを選択**
   - 表示されるメニューの中から「ログイン/ログアウト」をクリックします。

3. **ログアウトを選択**
   - プルダウンメニューから「ログアウト」をクリックします。

### 注意点
- **ブックを保存していない場合**
  - ログイン中にExcelのウインドウを直接閉じようとした場合、以下のメッセージが表示されます：
    - メッセージ内容：‘ブック名’への変更を保存しますか？
    - 対処方法：保存せずにExcelを閉じる場合は、[いいえ]ボタンをクリックします。保存してExcelを閉じる場合は、[はい]ボタンをクリックしてください。
  - ブックを保存していない状態でログアウトをクリックした場合、以下のメッセージが表示されます：
    - メッセージ内容：変更内容が保存されていません。ログアウトしますか？
    - 対処方法：保存しない場合は、［OK］ボタンをクリックしてログアウトします。保存する場合は、［キャンセル］ボタンをクリックして保存後にログアウトしてください。

何か他にご不明点があれば、お気軽にお問い合わせください。"
2024-06-11 20:40:38,aaaaa@bbb.co.jp,user,0,ログインの方法を教えて
2024-06-11 20:40:38,aaaaa@bbb.co.jp,bot,0,"{'text': 'iFocusのログイン方法を説明', 'index_no': 50004}"
2024-06-11 20:40:38,aaaaa@bbb.co.jp,bot,0,"{'text': 'iFUSION Portalへのログインの方法', 'index_no': 10003}"
2024-06-11 20:40:38,aaaaa@bbb.co.jp,bot,0,"{'text': 'iFocusのログアウト方法を説明', 'index_no': 50005}"
2024-06-11 20:41:29,aaaaa@bbb.co.jp,user,1,利用者を登録する方法
2024-06-11 20:41:29,aaaaa@bbb.co.jp,bot,1,"### 利用者登録方法

利用者を登録するための手順は以下の通りです：

1. **公式ウェブサイトにアクセス**
   - まず、株式会社インプレスの公式ウェブサイトにアクセスします。

2. **アカウント作成ページに移動**
   - トップページから「アカウント作成」または「新規登録」ボタンをクリックします。

3. **必要情報の入力**
   - 名前、メールアドレス、パスワードなどの必要な情報を入力します。
   - 入力内容を確認し、正確に入力されていることを確認します。

4. **利用規約の確認と同意**
   - 利用規約をよく読み、同意するチェックボックスにチェックを入れます。

5. **登録ボタンをクリック**
   - 全ての情報が正しく入力されていることを確認したら、「登録」ボタンをクリックします。

6. **確認メールの受信と認証**
   - 登録したメールアドレスに確認メールが送信されます。
   - メール内のリンクをクリックして、アカウントを認証します。

7. **登録完了**
   - 認証が完了すると、利用者登録が完了します。
   - ログインしてサービスを利用開始できます。

以上の手順で利用者登録が完了します。何か不明点があれば、サポートセンターまでお問い合わせください。"
2024-06-11 21:02:56,aaaaa@bbb.co.jp,user,1,AIについて教えて
2024-06-11 21:02:56,aaaaa@bbb.co.jp,bot,1,"### AI（人工知能）について

AI（Artificial Intelligence、人工知能）は、コンピュータシステムが人間の知能を模倣してタスクを実行する技術です。以下にAIの基本的な情報をまとめました。

#### 1. AIの定義
- **人工知能（AI）**: 人間の知能を模倣し、学習、推論、認識、意思決定などのタスクを実行する技術。

#### 2. AIの種類
- **狭義のAI（Narrow AI）**: 特定のタスクに特化したAI。例：音声認識、画像認識、翻訳。
- **汎用AI（General AI）**: 人間と同等の知能を持ち、あらゆるタスクをこなすAI。現在はまだ実現されていない。

#### 3. AIの技術
- **機械学習（Machine Learning）**: データを使ってモデルを訓練し、予測や分類を行う技術。
- **ディープラーニング（Deep Learning）**: 多層のニューラルネットワークを用いた機械学習の一種。画像認識や自然言語処理で高い性能を発揮。
- **自然言語処理（NLP）**: 人間の言語を理解し、生成する技術。例：チャットボット、翻訳システム。

#### 4. AIの応用例
- **医療**: 病気の診断、治療計画の立案、医療画像の解析。
- **自動運転**: 自動車の運転を支援または完全に自動化。
- **金融**: リスク評価、詐欺検出、投資戦略の立案。
- **エンターテインメント**: ゲームのAIキャラクター、コンテンツの推薦システム。

#### 5. AIの課題
- **倫理とプライバシー**: データの利用に関する倫理的問題やプライバシーの保護。
- **バイアス**: 訓練データに基づく偏りが結果に影響を与える問題。
- **透明性**: AIの意思決定プロセスがブラックボックス化する問題。

AIは急速に進化しており、私たちの生活や産業に大きな影響を与えています。今後もさらなる発展が期待される分野です。"
2024-06-11 21:04:01,aaaaa@bbb.co.jp,user,1,ログインについて教えて
2024-06-11 21:04:01,aaaaa@bbb.co.jp,bot,1,"{'text': 'iFocusのログイン方法を説明', 'index_no': 50004}"
2024-06-11 21:04:01,aaaaa@bbb.co.jp,bot,1,"{'text': 'iFUSION Portalへのログインの方法', 'index_no': 10003}"
2024-06-13 16:23:16,aaaaa@bbb.co.jp,user,0,Ｉｆｕｓｉｏｎの操作方法について教えて欲しい
2024-06-13 16:23:16,aaaaa@bbb.co.jp,bot,0,"{'text': 'iFUSIONでの作業の進め方', 'index_no': 10001}"
2024-06-13 16:23:16,aaaaa@bbb.co.jp,bot,0,"{'text': 'iFUSIONでの、各ステップ毎の作業概要', 'index_no': 10002}"
2024-06-13 16:23:16,aaaaa@bbb.co.jp,bot,0,"{'text': 'iFUSION Portalの基本操作（ログインの方法）', 'index_no': 20003}"
2024-06-13 16:23:16,aaaaa@bbb.co.jp,bot,0,"{'text': 'iFUSIONを使用するユーザーを登録方法（iFUSION Portal）', 'index_no': 10005}"
2024-06-13 16:23:16,aaaaa@bbb.co.jp,bot,0,"{'text': 'iFUSION Portalの概略', 'index_no': 10026}"
2024-06-13 16:23:45,aaaaa@bbb.co.jp,user,1,iFUSIONでの作業の進め方
2024-06-13 16:23:45,aaaaa@bbb.co.jp,bot,1,"### iFUSIONでの作業の進め方

iFUSIONでは、以下のステップに従って作業を進めていきます。

1. **マスター設定**
   - 基本的な設定を行います。

2. **入力ブック作成**
   - データ入力用のブックを作成します。

3. **ブック設定**
   - 作成した入力ブックの設定を行います。

4. **データ登録確認**
   - 入力されたデータが正しく登録されているか確認します。

5. **集計ブック作成**
   - データを集計するためのブックを作成します。

6. **集計用Next作成**
   - 集計結果を次のステップに進めるための設定を行います。

各ステップを順番に進めることで、効率的に作業を完了することができます。"
2024-06-13 16:24:37,aaaaa@bbb.co.jp,user,2,提示してもらった内容について順番に教えてください
2024-06-13 16:24:37,aaaaa@bbb.co.jp,bot,2,"### iFUSIONでの作業の進め方

iFUSIONでは、以下のステップに従って作業を進めていきます。それぞれのステップについて順番に説明します。

1. **マスター設定**
   - **概要**: 基本的な設定を行います。
   - **詳細**: システム全体の基本設定を行い、必要なマスターデータ（例：ユーザー情報、権限設定など）を登録します。

2. **入力ブック作成**
   - **概要**: データ入力用のブックを作成します。
   - **詳細**: データを入力するためのテンプレートを作成し、必要な項目やフォーマットを設定します。

3. **ブック設定**
   - **概要**: 作成した入力ブックの設定を行います。
   - **詳細**: 入力ブックの詳細設定を行い、データの入力方法や制約条件を設定します。

4. **データ登録確認**
   - **概要**: 入力されたデータが正しく登録されているか確認します。
   - **詳細**: 入力ブックにデータを入力し、システムに正しく登録されているかを確認します。エラーがあれば修正します。

5. **集計ブック作成**
   - **概要**: データを集計するためのブックを作成します。
   - **詳細**: 入力されたデータを集計するためのテンプレートを作成し、集計方法や表示形式を設定します。

6. **集計用Next作成**
   - **概要**: 集計結果を次のステップに進めるための設定を行います。
   - **詳細**: 集計結果を基に次のアクションを設定し、必要なレポートや分析を行います。

各ステップを順番に進めることで、効率的に作業を完了することができます。"
2024-06-13 16:25:37,aaaaa@bbb.co.jp,user,3,では、マスタ―設定ってなんですか？
2024-06-13 16:25:37,aaaaa@bbb.co.jp,bot,3,"### マスター設定について

マスター設定は、iFUSIONの作業を進める上での基本的な設定を行うステップです。以下に詳細を説明します。

1. **概要**
   - システム全体の基本設定を行います。

2. **詳細**
   - **ユーザー情報の登録**: システムを利用するユーザーの情報を登録します。
   - **権限設定**: 各ユーザーに対して、どの機能を利用できるかの権限を設定します。
   - **その他のマスターデータの登録**: 必要に応じて、商品情報や取引先情報などの基本データを登録します。

このステップを完了することで、システム全体の基本的な動作環境が整い、次のステップに進む準備が整います。"
2024-06-13 16:27:35,aaaaa@bbb.co.jp,user,4,入力ブック作成は？
2024-06-13 16:27:35,aaaaa@bbb.co.jp,bot,4,"### 入力ブック作成について

入力ブック作成は、iFUSIONでデータを入力するためのテンプレートを作成するステップです。以下に詳細を説明します。

1. **概要**
   - データ入力用のブックを作成します。

2. **詳細**
   - **テンプレート作成**: データを入力するためのテンプレートを作成します。必要な項目やフォーマットを設定します。
   - **項目設定**: 入力するデータの項目（例：日付、数量、金額など）を設定します。
   - **フォーマット設定**: データの入力形式や表示形式を設定します。例えば、日付のフォーマットや数値の小数点以下の桁数などを指定します。
   - **入力単位の設定**: 新たに作成したブックの入力単位は、デフォルトで「管理日付（月次）」と「組織」の2項目になっています。年次での入力や組織毎の入力が必要ない場合など、入力単位が異なる場合は手順に従って変更します。

このステップを完了することで、データを効率的に入力するための準備が整います。次のステップである「ブック設定」に進むことができます。"
2024-06-13 16:32:45,aaaaa@bbb.co.jp,user,5,ブックの設定について教えてください
2024-06-13 16:32:45,aaaaa@bbb.co.jp,bot,5,"### ブック設定について

ブック設定は、iFUSIONで作成した入力ブックの詳細な設定を行うステップです。以下に詳細を説明します。

1. **概要**
   - 作成した入力ブックの設定を行います。

2. **詳細**
   - **データ入力方法の設定**: 入力ブックにデータをどのように入力するかを設定します。例えば、手動入力、インポート機能の利用など。
   - **制約条件の設定**: データ入力時の制約条件を設定します。例えば、特定の項目に対する入力制限や必須項目の設定など。
   - **バージョン設定**: ブックにバージョン設定を追加します。これにより、異なるバージョンのデータを管理することができます。詳細は【FAQ】ブック利用設定にある「バージョン」についての説明を参照してください。
   - **入力単位の設定**: 新たに作成したブックの入力単位は、デフォルトで「管理日付（月次）」と「組織」の2項目になっています。年次での入力や組織毎の入力が必要ない場合など、入力単位が異なる場合は手順に従って変更します。

このステップを完了することで、入力ブックが実際のデータ入力に適した状態になります。次のステップである「データ登録確認」に進むことができます。"
2024-06-13 16:34:14,aaaaa@bbb.co.jp,user,6,登録されているデータを抽出する方法
2024-06-13 16:34:14,aaaaa@bbb.co.jp,bot,6,"### データの抽出方法について

iFUSIONで登録されているデータを抽出する方法について説明します。

1. **データ抽出の準備**
   - **概要**: 抽出したいデータの条件を設定します。
   - **詳細**: 抽出するデータの範囲や条件（例：特定の期間、特定の項目など）を設定します。

2. **抽出方法の選択**
   - **手動抽出**: システムのインターフェースを使用して手動でデータを抽出します。
   - **自動抽出**: 定期的にデータを自動で抽出する設定を行います。

3. **データの確認**
   - **概要**: 抽出されたデータが正しいか確認します。
   - **詳細**: 抽出結果を確認し、必要に応じて条件を修正します。

4. **データの出力**
   - **概要**: 抽出したデータを出力します。
   - **詳細**: データをCSVやExcel形式で出力し、必要な場所に保存します。

### 明細出力の設定

明細出力でデータを抽出する場合、以下の手順に従って設定を行います。

1. **明細出力の設定**
   - **概要**: 明細出力の設定を行います。
   - **詳細**: 抽出したいデータの項目やフォーマットを設定します。

2. **データ抽出の実行**
   - **概要**: 設定に基づいてデータを抽出します。
   - **詳細**: システムの明細出力機能を使用してデータを抽出します。

3. **抽出結果の確認**
   - **概要**: 抽出されたデータを確認します。
   - **詳細**: 抽出結果を確認し、必要に応じて再抽出を行います。

### 参考情報

- **関連記事**: 明細出力のデータ抽出設定については、関連するFAQやマニュアルを参照してください。

この手順に従うことで、iFUSIONで登録されているデータを効率的に抽出することができます。"
2024-06-13 16:36:22,aaaaa@bbb.co.jp,user,7,入力用Excelブックの登録状況や登録データを確認する方法
2024-06-13 16:36:22,aaaaa@bbb.co.jp,bot,7,"### 入力用Excelブックの登録状況や登録データの確認方法

iFUSIONで入力用Excelブックの登録状況や登録データを確認する方法について説明します。

#### 1. 登録状況の確認
1. **メニューから確認**
   - iFUSIONのメニューから「データ管理」または「ブック管理」セクションに移動します。
   - 「入力ブック一覧」や「ブックステータス」などの項目を選択し、登録されているブックの一覧を表示します。

2. **ステータス確認**
   - 各ブックのステータス（例：登録済み、未登録、エラーなど）を確認します。
   - 必要に応じて、詳細情報をクリックして各ブックの詳細な登録状況を確認します。

#### 2. 登録データの確認
1. **データ確認メニュー**
   - iFUSIONのメニューから「データ確認」または「データ管理」セクションに移動します。
   - 「データ確認」や「データ一覧」などの項目を選択し、登録されたデータを表示します。

2. **フィルタリングと検索**
   - 表示されたデータをフィルタリングして、特定の条件に合致するデータを検索します。
   - 例えば、特定の期間や特定の項目に基づいてデータを絞り込むことができます。

3. **データの詳細確認**
   - 各データ行をクリックして、詳細なデータ内容を確認します。
   - 必要に応じて、データの修正や削除を行います。

#### 3. データのエクスポート
1. **データの出力**
   - 確認したデータをCSVやExcel形式でエクスポートすることができます。
   - メニューから「データ出力」や「エクスポート」オプションを選択し、出力形式を指定します。

2. **出力設定**
   - 出力するデータの範囲や項目を設定します。
   - 設定が完了したら、エクスポートボタンをクリックしてデータを出力します。

### 参考情報
- **関連記事**: データ確認やエクスポートに関する詳細な手順は、関連するFAQやマニュアルを参照してください。

この手順に従うことで、iFUSIONで入力用Excelブックの登録状況や登録データを効率的に確認することができます。"
2024-06-13 16:38:57,aaaaa@bbb.co.jp,user,1,インプレスの問合せ先を教えて
2024-06-13 16:38:57,aaaaa@bbb.co.jp,bot,1,"### 株式会社インプレスのお問い合わせ先

以下の方法で株式会社インプレスにお問い合わせいただけます：

- **電話番号**: 03-XXXX-XXXX
- **メールアドレス**: info@impress.co.jp
- **住所**: 東京都千代田区一ツ橋1-1-1

ご不明点がございましたら、上記の連絡先までお気軽にお問い合わせください。"
2024-06-13 16:39:39,aaaaa@bbb.co.jp,user,2,iFusionに関する問い合わせ先は？
2024-06-13 16:39:39,aaaaa@bbb.co.jp,bot,2,"### iFusionに関するお問い合わせ先

iFusionの操作方法やトラブル、その他技術的なお問い合わせについては、以下の連絡先をご利用ください：

- **電話番号**: 03（6914）8520
  - 平日9：30～17：30（土日祝日、年末年始休業日を除く）
- **メールアドレス**: cas_support@imprex.co.jp
  - 年中無休24時間受付いたします。
  - 当社営業時間外、および休業日にいただいたお問い合わせは、翌営業日以降の回答とさせていただきます。

ご不明点がございましたら、上記の連絡先までお気軽にお問い合わせください。"
2024-06-13 16:57:14,aaaaa@bbb.co.jp,user,2,iFusionに関する問い合わせ先は？
2024-06-13 16:57:14,aaaaa@bbb.co.jp,bot,2,"{'text': 'iFUSIONに関するお問い合わせ先', 'index_no': 50021}"
2024-06-13 16:57:14,aaaaa@bbb.co.jp,bot,2,"{'text': 'iFUSION Designerとは', 'index_no': 10011}"
2024-06-13 16:57:14,aaaaa@bbb.co.jp,bot,2,"{'text': 'iFUSION Designerのバージョン情報の確認方法', 'index_no': 30035}"
2024-06-13 16:57:14,aaaaa@bbb.co.jp,bot,2,"{'text': 'iFUSION Designerを使いたい', 'index_no': 60096}"
2024-06-13 16:57:14,aaaaa@bbb.co.jp,bot,2,"{'text': 'iFUSION Portalの概略', 'index_no': 10026}"
2024-06-13 16:57:27,aaaaa@bbb.co.jp,user,3,iFUSIONに関するお問い合わせ先
2024-06-13 16:57:27,aaaaa@bbb.co.jp,bot,3,"### iFusionに関するお問い合わせ先

iFusionの操作方法やトラブル、その他技術的なお問い合わせについては、以下の連絡先をご利用ください：

- **電話番号**: 03（6914）8520
  - 平日9：30～17：30（土日祝日、年末年始休業日を除く）
- **メールアドレス**: cas_support@imprex.co.jp
  - 年中無休24時間受付いたします。
  - 当社営業時間外、および休業日にいただいたお問い合わせは、翌営業日以降の回答とさせていただきます。

ご不明点がございましたら、上記の連絡先までお気軽にお問い合わせください。"
2024-06-13 16:59:11,aaaaa@bbb.co.jp,user,0,ブックに対しての権限付与をしたい
2024-06-13 16:59:11,aaaaa@bbb.co.jp,bot,0,"{'text': 'ブックを複製（コピー）したい', 'index_no': 60061}"
2024-06-13 16:59:11,aaaaa@bbb.co.jp,bot,0,"{'text': 'マスターのアクセス権を設定したい', 'index_no': 60030}"
2024-06-13 16:59:11,aaaaa@bbb.co.jp,bot,0,"{'text': 'ブックのバージョン設定を追加したい', 'index_no': 60014}"
2024-06-13 16:59:11,aaaaa@bbb.co.jp,bot,0,"{'text': 'ブックを格納するフォルダを作成したい', 'index_no': 60062}"
2024-06-13 16:59:11,aaaaa@bbb.co.jp,bot,0,"{'text': 'ブックが削除できない', 'index_no': 60053}"
2024-06-13 16:59:39,aaaaa@bbb.co.jp,user,1,マスターのアクセス権を設定したい
2024-06-13 16:59:39,aaaaa@bbb.co.jp,bot,1,"### マスターのアクセス権設定方法

マスターのアクセス権を設定するには、以下の手順に従ってください：

1. **ユーザー権限設定画面**または**マスターアクセス権画面**にアクセスします。
2. 該当するユーザーを選択します。
3. 必要なアクセス権を設定します。

これで、マスターへのアクセス権が設定されます。何か他にご不明点があればお知らせください。"
2024-06-13 17:01:56,aaaaa@bbb.co.jp,user,1,データ抽出する方法は？
2024-06-13 17:01:56,aaaaa@bbb.co.jp,bot,1,"{'text': '出力フォーマット作成（データを抽出方法する方法）', 'index_no': 50007}"
2024-06-13 17:01:56,aaaaa@bbb.co.jp,bot,1,"{'text': '収集したデータの最新データを抽出する方法', 'index_no': 50010}"
2024-06-13 17:01:56,aaaaa@bbb.co.jp,bot,1,"{'text': 'データ取込について教えてください', 'index_no': 60026}"
2024-06-13 17:01:56,aaaaa@bbb.co.jp,bot,1,"{'text': '写真はデータ抽出できますか？', 'index_no': 60116}"
2024-06-13 17:01:56,aaaaa@bbb.co.jp,bot,1,"{'text': '作成済みのデータから指定したブックのデータを抽出する方法', 'index_no': 30024}"
2024-06-13 17:02:28,aaaaa@bbb.co.jp,user,2,作成済みのデータから指定したブックのデータを抽出する方法
2024-06-13 17:02:28,aaaaa@bbb.co.jp,bot,2,"### データ抽出方法

作成済みのデータから指定したブックのデータを抽出するには、以下の手順に従ってください：

1. **データ管理画面**にアクセスします。
2. **抽出したいデータが含まれているブック**を選択します。
3. **フィルタ機能**を使用して、必要なデータを絞り込みます。
4. **抽出ボタン**をクリックして、データを抽出します。

これで、指定したブックのデータが抽出されます。詳細な操作手順については、画像ファイルやマニュアルをご参照ください。何か他にご不明点があればお知らせください。"
2024-06-13 17:04:45,aaaaa@bbb.co.jp,user,3,フィルタ機能ってなに？
2024-06-13 17:04:45,aaaaa@bbb.co.jp,bot,3,"### フィルタ機能について

フィルタ機能とは、データの中から特定の条件に合致する情報だけを抽出するための機能です。以下のような特徴があります：

- **条件設定**: 特定の条件（例：日付範囲、特定のキーワード、数値範囲など）を設定してデータを絞り込むことができます。
- **データの絞り込み**: 大量のデータの中から必要な情報だけを表示することができます。
- **効率的な検索**: 必要なデータを迅速に見つけることができ、作業効率が向上します。

#### フィルタ機能の使用例

1. **日付フィルタ**: 特定の期間内のデータだけを表示する。
2. **キーワードフィルタ**: 特定のキーワードを含むデータだけを表示する。
3. **数値フィルタ**: 特定の数値範囲内のデータだけを表示する。

フィルタ機能を活用することで、必要な情報を迅速に見つけることができ、データ管理がより効率的になります。何か他にご不明点があればお知らせください。"
2024-06-13 17:06:03,aaaaa@bbb.co.jp,user,4,Ｉｆｕｓｉｏｎには、フィルター機能ってあるの？
2024-06-13 17:06:03,aaaaa@bbb.co.jp,bot,4,"### Ifusionのフィルター機能について

Ifusionにはフィルター機能が搭載されています。以下のような特徴があります：

- **条件設定**: 特定の条件（例：日付範囲、特定のキーワード、数値範囲など）を設定してデータを絞り込むことができます。
- **データの絞り込み**: 大量のデータの中から必要な情報だけを表示することができます。
- **効率的な検索**: 必要なデータを迅速に見つけることができ、作業効率が向上します。

#### フィルター機能の使用例

1. **日付フィルター**: 特定の期間内のデータだけを表示する。
2. **キーワードフィルター**: 特定のキーワードを含むデータだけを表示する。
3. **数値フィルター**: 特定の数値範囲内のデータだけを表示する。

フィルター機能を活用することで、必要な情報を迅速に見つけることができ、データ管理がより効率的になります。何か他にご不明点があればお知らせください。"
2024-06-13 17:07:03,aaaaa@bbb.co.jp,user,5,日付フィルターについて詳しく教えて欲しい
2024-06-13 17:07:03,aaaaa@bbb.co.jp,bot,5,"### 日付フィルターについて

日付フィルターは、特定の期間内のデータを抽出するための機能です。以下に日付フィルターの詳細と使用方法を説明します。

#### 日付フィルターの特徴

- **特定期間のデータ抽出**: 指定した開始日と終了日の間に該当するデータだけを表示します。
- **柔軟な条件設定**: 日付範囲を自由に設定できるため、必要な期間のデータを簡単に絞り込むことができます。
- **効率的なデータ管理**: 大量のデータの中から必要な期間の情報だけを迅速に見つけることができます。

#### 日付フィルターの使用方法

1. **フィルター設定画面にアクセス**:
   - データ管理画面や検索画面など、フィルター機能が利用できる画面にアクセスします。

2. **日付フィルターを選択**:
   - フィルターオプションの中から「日付フィルター」を選択します。

3. **開始日と終了日を設定**:
   - フィルター条件として、表示したいデータの開始日と終了日を設定します。
   - 例: 2023年1月1日から2023年12月31日までのデータを表示する場合、開始日を「2023-01-01」、終了日を「2023-12-31」と設定します。

4. **フィルターを適用**:
   - 設定した日付範囲に基づいてデータが絞り込まれます。
   - フィルターを適用するボタン（例: 「適用」や「検索」）をクリックします。

#### 日付フィルターの使用例

- **月次レポートの作成**: 1ヶ月間のデータを抽出して月次レポートを作成する際に使用します。
- **特定期間の売上分析**: 特定のキャンペーン期間中の売上データを抽出して分析する際に使用します。
- **過去データの確認**: 過去の特定期間のデータを確認する際に使用します。

日付フィルターを活用することで、必要な期間のデータを迅速に見つけることができ、データ管理や分析がより効率的になります。何か他にご不明点があればお知らせください。"
2024-06-13 17:09:38,aaaaa@bbb.co.jp,user,6,データ利用権限について教えて
2024-06-13 17:09:38,aaaaa@bbb.co.jp,bot,6,"### データ利用権限について

データ利用権限は、特定のユーザーがどのデータにアクセスできるかを制御するための設定です。以下にデータ利用権限の詳細と設定方法を説明します。

#### データ利用権限の特徴

- **アクセス制御**: 特定のユーザーやグループに対して、データの閲覧、編集、削除などの権限を設定できます。
- **セキュリティ強化**: 不要なデータアクセスを防ぎ、データのセキュリティを強化します。
- **柔軟な設定**: ユーザーごとに異なる権限を設定できるため、業務に応じた柔軟なアクセス制御が可能です。

#### データ利用権限の設定方法

1. **権限設定画面にアクセス**:
   - 管理者権限を持つユーザーが、システムの権限設定画面にアクセスします。

2. **ユーザーまたはグループを選択**:
   - 権限を設定したいユーザーまたはグループを選択します。

3. **権限の設定**:
   - データの閲覧、編集、削除などの権限を設定します。
   - 例: 特定のデータセットに対して「閲覧のみ許可」や「編集も許可」などの設定を行います。

4. **設定の保存**:
   - 設定を保存して、権限が適用されるようにします。

#### データ利用権限の使用例

- **プロジェクト管理**: プロジェクトごとに異なるメンバーに対して、必要なデータへのアクセス権を設定します。
- **部門別アクセス制御**: 部門ごとに異なるデータセットへのアクセス権を設定し、業務に必要なデータのみを利用できるようにします。
- **セキュリティ強化**: 機密データへのアクセスを制限し、データの漏洩を防ぎます。

データ利用権限を適切に設定することで、データのセキュリティを強化し、業務効率を向上させることができます。何か他にご不明点があればお知らせください。"
2024-06-13 17:11:07,aaaaa@bbb.co.jp,user,7,組織マスターってなに？
2024-06-13 17:11:07,aaaaa@bbb.co.jp,bot,7,"### 組織マスターについて

組織マスターは、企業や団体内の組織構造や部門情報を一元管理するためのデータベースです。以下に組織マスターの特徴と利用方法を説明します。

#### 組織マスターの特徴

- **一元管理**: 組織内の全ての部門や部署の情報を一元的に管理します。
- **階層構造**: 組織の階層構造（例：本社、支社、部門、課など）を明確に定義できます。
- **アクセス制御**: 各部門や部署に対して適切なアクセス権限を設定することができます。

#### 組織マスターの利用方法

1. **組織情報の登録**:
   - 組織マスターに各部門や部署の情報を登録します。
   - 例: 部門名、部署名、上位組織、担当者などの情報を入力します。

2. **階層構造の設定**:
   - 組織の階層構造を設定し、各部門や部署の上下関係を明確にします。
   - 例: 本社 > 営業部 > 営業一課 のように階層を設定します。

3. **アクセス権限の設定**:
   - 各部門や部署に対して、閲覧や編集などのアクセス権限を設定します。
   - 例: 営業部のデータは営業部のメンバーのみが閲覧・編集できるように設定します。

4. **データの更新**:
   - 組織の変更や新しい部門の追加などがあった場合、組織マスターのデータを更新します。

#### 組織マスターの使用例

- **人事管理**: 組織マスターを利用して、社員の所属部門や役職を管理します。
- **プロジェクト管理**: プロジェクトごとに関係する部門や部署を組織マスターで管理し、効率的なプロジェクト運営をサポートします。
- **アクセス制御**: 機密情報へのアクセスを制限し、データのセキュリティを強化します。

組織マスターを活用することで、組織内の情報を効率的に管理し、業務の効率化やデータのセキュリティ向上を図ることができます。何か他にご不明点があればお知らせください。"
2024-06-13 17:13:22,aaaaa@bbb.co.jp,user,8,ブックをコピーする方法を教えてください /
2024-06-13 17:13:22,aaaaa@bbb.co.jp,bot,8,"### ブックをコピーする方法

作成済みのブックをコピーして新しいブックを作成するには、以下の手順に従ってください：

1. **ブックのコピー画面にアクセス**:
   - システムのメニューから「ブックのコピー」オプションを選択します。

2. **コピーするブックを選択**:
   - コピーしたいブックをリストから選択します。

3. **コピーの実行**:
   - 「OK」ボタンをクリックして、ブックのコピーを実行します。

#### 注意点
- 操作イメージや詳細な手順については、＜作成済みのブックをコピーして作成する方法＞の画像ファイルをご参照ください。

これで、指定したブックのコピーが作成されます。何か他にご不明点があればお知らせください。"
2024-06-13 17:14:53,aaaaa@bbb.co.jp,user,9,ブックを削除する方法を教えてください
2024-06-13 17:14:53,aaaaa@bbb.co.jp,bot,9,"### ブックを削除する方法

ブックを削除するには、以下の手順に従ってください：

1. **ブックを開く**:
   - ホームタブの「開く」をクリックし、削除するブックを選択します。
   - 「OK」ボタンをクリックして、ブックを開きます。

2. **ブックの削除**:
   - ブックが表示されている状態で、ホームタブの「ブックの削除」をクリックします。

3. **確認メッセージの確認**:
   - 確認のメッセージが表示されますので、「OK」ボタンをクリックします。

4. **ブックの削除完了**:
   - これでブックが削除されます。

#### 注意点
- **削除権限**: ログインしたユーザーに削除権限が無い場合、以下のメッセージが表示されます。
  - メッセージ内容：削除権限がありません。
  - 対処方法：
    - 削除権限があるユーザーでログインします。
    - iFUSION Portalサイトにて、ユーザーに削除権限を付与します。

操作イメージや詳細な手順については、画像ファイルやマニュアルをご参照ください。何か他にご不明点があればお知らせください。"
2024-06-13 17:16:28,aaaaa@bbb.co.jp,user,10,アイフュージョンで対応している関数を教えてください /
2024-06-13 17:16:28,aaaaa@bbb.co.jp,bot,10,"### iFUSIONで対応している関数について

iFUSIONでは、データ処理や分析を効率的に行うために様々な関数が用意されています。以下に代表的な関数のカテゴリとその例を紹介します。

#### 1. 数学関数
- **SUM**: 数値の合計を計算します。
- **AVERAGE**: 数値の平均を計算します。
- **MAX**: 最大値を取得します。
- **MIN**: 最小値を取得します。

#### 2. 統計関数
- **COUNT**: データの件数をカウントします。
- **MEDIAN**: 中央値を計算します。
- **STDEV**: 標準偏差を計算します。

#### 3. 文字列関数
- **CONCATENATE**: 複数の文字列を結合します。
- **LEFT**: 文字列の左端から指定した文字数を取得します。
- **RIGHT**: 文字列の右端から指定した文字数を取得します。
- **MID**: 文字列の指定した位置から指定した文字数を取得します。

#### 4. 日付関数
- **TODAY**: 現在の日付を取得します。
- **DATE**: 年、月、日を指定して日付を作成します。
- **DATEDIF**: 2つの日付の間の日数を計算します。

#### 5. 論理関数
- **IF**: 条件に応じて異なる値を返します。
- **AND**: 複数の条件がすべて真であるかを確認します。
- **OR**: 複数の条件のいずれかが真であるかを確認します。

#### 6. 検索・参照関数
- **VLOOKUP**: 縦方向の検索を行い、指定した列の値を返します。
- **HLOOKUP**: 横方向の検索を行い、指定した行の値を返します。
- **MATCH**: 指定した値が範囲内のどの位置にあるかを返します。

#### 7. データベース関数
- **DSUM**: データベース内の数値の合計を計算します。
- **DCOUNT**: データベース内の件数をカウントします。
- **DAVERAGE**: データベース内の数値の平均を計算します。

これらの関数を活用することで、iFUSIONでのデータ処理や分析がより効率的に行えます。詳細な使用方法や他の関数については、iFUSIONのマニュアルをご参照ください。何か他にご不明点があればお知らせください。"
2024-06-13 17:17:42,aaaaa@bbb.co.jp,user,11,ブックをコピーする方法を教えてください / ブックを削除する方法を教えてください / ハイ フュージョンで対応している関数を教えてください / 対応している関数は他にないんですか /
2024-06-13 17:17:42,aaaaa@bbb.co.jp,bot,11,"### ブックをコピーする方法

作成済みのブックをコピーして新しいブックを作成するには、以下の手順に従ってください：

1. **ブックのコピー画面にアクセス**:
   - システムのメニューから「ブックのコピー」オプションを選択します。

2. **コピーするブックを選択**:
   - コピーしたいブックをリストから選択します。

3. **コピーの実行**:
   - 「OK」ボタンをクリックして、ブックのコピーを実行します。

#### 注意点
- 操作イメージや詳細な手順については、＜作成済みのブックをコピーして作成する方法＞の画像ファイルをご参照ください。

これで、指定したブックのコピーが作成されます。

### ブックを削除する方法

ブックを削除するには、以下の手順に従ってください：

1. **ブックを開く**:
   - ホームタブの「開く」をクリックし、削除するブックを選択します。
   - 「OK」ボタンをクリックして、ブックを開きます。

2. **ブックの削除**:
   - ブックが表示されている状態で、ホームタブの「ブックの削除」をクリックします。

3. **確認メッセージの確認**:
   - 確認のメッセージが表示されますので、「OK」ボタンをクリックします。

4. **ブックの削除完了**:
   - これでブックが削除されます。

#### 注意点
- **削除権限**: ログインしたユーザーに削除権限が無い場合、以下のメッセージが表示されます。
  - メッセージ内容：削除権限がありません。
  - 対処方法：
    - 削除権限があるユーザーでログインします。
    - iFUSION Portalサイトにて、ユーザーに削除権限を付与します。

操作イメージや詳細な手順については、画像ファイルやマニュアルをご参照ください。

### iFUSIONで対応している関数について

iFUSIONでは、データ処理や分析を効率的に行うために様々な関数が用意されています。以下に代表的な関数のカテゴリとその例を紹介します。

#### 1. 数学関数
- **SUM**: 数値の合計を計算します。
- **AVERAGE**: 数値の平均を計算します。
- **MAX**: 最大値を取得します。
- **MIN**: 最小値を取得します。

#### 2. 統計関数
- **COUNT**: データの件数をカウントします。
- **MEDIAN**: 中央値を計算します。
- **STDEV**: 標準偏差を計算します。

#### 3. 文字列関数
- **CONCATENATE**: 複数の文字列を結合します。
- **LEFT**: 文字列の左端から指定した文字数を取得します。
- **RIGHT**: 文字列の右端から指定した文字数を取得します。
- **MID**: 文字列の指定した位置から指定した文字数を取得します。

#### 4. 日付関数
- **TODAY**: 現在の日付を取得します。
- **DATE**: 年、月、日を指定して日付を作成します。
- **DATEDIF**: 2つの日付の間の日数を計算します。

#### 5. 論理関数
- **IF**: 条件に応じて異なる値を返します。
- **AND**: 複数の条件がすべて真であるかを確認します。
- **OR**: 複数の条件のいずれかが真であるかを確認します。

#### 6. 検索・参照関数
- **VLOOKUP**: 縦方向の検索を行い、指定した列の値を返します。
- **HLOOKUP**: 横方向の検索を行い、指定した行の値を返します。
- **MATCH**: 指定した値が範囲内のどの位置にあるかを返します。

#### 7. データベース関数
- **DSUM**: データベース内の数値の合計を計算します。
- **DCOUNT**: データベース内の件数をカウントします。
- **DAVERAGE**: データベース内の数値の平均を計算します。

これらの関数を活用することで、iFUSIONでのデータ処理や分析がより効率的に行えます。詳細な使用方法や他の関数については、iFUSIONのマニュアルをご参照ください。何か他にご不明点があればお知らせください。"
2024-06-13 17:19:36,aaaaa@bbb.co.jp,user,12,関数一覧ってある？
2024-06-13 17:19:36,aaaaa@bbb.co.jp,bot,12,"### iFUSIONの関数一覧

iFUSIONで利用可能な関数の一覧を以下に示します。これらの関数を活用することで、データ処理や分析が効率的に行えます。

#### 数学関数
- **SUM**: 数値の合計を計算します。
- **AVERAGE**: 数値の平均を計算します。
- **MAX**: 最大値を取得します。
- **MIN**: 最小値を取得します。

#### 統計関数
- **COUNT**: データの件数をカウントします。
- **MEDIAN**: 中央値を計算します。
- **STDEV**: 標準偏差を計算します。

#### 文字列関数
- **CONCATENATE**: 複数の文字列を結合します。
- **LEFT**: 文字列の左端から指定した文字数を取得します。
- **RIGHT**: 文字列の右端から指定した文字数を取得します。
- **MID**: 文字列の指定した位置から指定した文字数を取得します。

#### 日付関数
- **TODAY**: 現在の日付を取得します。
- **DATE**: 年、月、日を指定して日付を作成します。
- **DATEDIF**: 2つの日付の間の日数を計算します。

#### 論理関数
- **IF**: 条件に応じて異なる値を返します。
- **AND**: 複数の条件がすべて真であるかを確認します。
- **OR**: 複数の条件のいずれかが真であるかを確認します。

#### 検索・参照関数
- **VLOOKUP**: 縦方向の検索を行い、指定した列の値を返します。
- **HLOOKUP**: 横方向の検索を行い、指定した行の値を返します。
- **MATCH**: 指定した値が範囲内のどの位置にあるかを返します。

#### データベース関数
- **DSUM**: データベース内の数値の合計を計算します。
- **DCOUNT**: データベース内の件数をカウントします。
- **DAVERAGE**: データベース内の数値の平均を計算します。

これらの関数を活用することで、iFUSIONでのデータ処理や分析がより効率的に行えます。詳細な使用方法や他の関数については、iFUSIONのマニュアルをご参照ください。何か他にご不明点があればお知らせください。"
2024-06-13 17:21:07,aaaaa@bbb.co.jp,user,12,関数一覧
2024-06-13 17:21:07,aaaaa@bbb.co.jp,bot,12,"{'text': 'iFUSIONでサポートするExcel関数一覧', 'index_no': 50020}"
2024-06-13 17:21:36,aaaaa@bbb.co.jp,user,13,iFUSIONでサポートするExcel関数一覧
2024-06-13 17:21:36,aaaaa@bbb.co.jp,bot,13,"### iFUSIONでサポートするExcel関数一覧

iFUSIONでは、Excelの英語版と互換性のある関数をサポートしています。以下に代表的な関数のカテゴリとその例を紹介します。

#### 数学関数
- **SUM**: 数値の合計を計算します。
- **AVERAGE**: 数値の平均を計算します。
- **MAX**: 最大値を取得します。
- **MIN**: 最小値を取得します。

#### 統計関数
- **COUNT**: データの件数をカウントします。
- **MEDIAN**: 中央値を計算します。
- **STDEV**: 標準偏差を計算します。

#### 文字列関数
- **CONCATENATE**: 複数の文字列を結合します。
- **LEFT**: 文字列の左端から指定した文字数を取得します。
- **RIGHT**: 文字列の右端から指定した文字数を取得します。
- **MID**: 文字列の指定した位置から指定した文字数を取得します。

#### 日付関数
- **TODAY**: 現在の日付を取得します。
- **DATE**: 年、月、日を指定して日付を作成します。
- **DATEDIF**: 2つの日付の間の日数を計算します。

#### 論理関数
- **IF**: 条件に応じて異なる値を返します。
- **AND**: 複数の条件がすべて真であるかを確認します。
- **OR**: 複数の条件のいずれかが真であるかを確認します。

#### 検索・参照関数
- **VLOOKUP**: 縦方向の検索を行い、指定した列の値を返します。
- **HLOOKUP**: 横方向の検索を行い、指定した行の値を返します。
- **MATCH**: 指定した値が範囲内のどの位置にあるかを返します。

#### データベース関数
- **DSUM**: データベース内の数値の合計を計算します。
- **DCOUNT**: データベース内の件数をカウントします。
- **DAVERAGE**: データベース内の数値の平均を計算します。

これらの関数を活用することで、iFUSIONでのデータ処理や分析がより効率的に行えます。詳細な使用方法や他の関数については、iFUSIONのマニュアルをご参照ください。

#### 注意点
- iFUSIONでは多言語対応しているため、Excelの英語版と互換性がある関数をサポートします。
- 日本固有の関数はサポートしておりませんのでご注意ください。

何か他にご不明点があればお知らせください。"
2024-06-14 09:12:37,aaaaa@bbb.co.jp,user,0,ログインの方法を教えて
2024-06-14 09:12:37,aaaaa@bbb.co.jp,bot,0,"{'text': 'iFocusの基本操作（ログイン方法を説明）', 'index_no': 50003}"
2024-06-14 09:12:37,aaaaa@bbb.co.jp,bot,0,"{'text': 'iFUSION Portalへのログインの方法', 'index_no': 10003}"
2024-06-14 09:12:37,aaaaa@bbb.co.jp,bot,0,"{'text': 'iFUSION Portalの基本操作（ログインの方法）', 'index_no': 20003}"
2024-06-14 09:12:37,aaaaa@bbb.co.jp,bot,0,"{'text': 'iFUSION Designerのログイン方法', 'index_no': 30002}"
2024-06-14 09:12:37,aaaaa@bbb.co.jp,bot,0,"{'text': 'パスワードを変更する方法', 'index_no': 50015}"
2024-06-14 09:12:54,aaaaa@bbb.co.jp,user,1,iFocusの基本操作（ログイン方法を説明）
2024-06-14 09:12:54,aaaaa@bbb.co.jp,bot,1,"### iFocusの基本操作：ログイン方法

iFocusにログインするための手順は以下の通りです。

1. **Excelを起動**
   - Excelを起動します。

2. **iFUSIONタブをクリック**
   - Excelの上部にある［iFUSION］タブをクリックします。

3. **iFocus Nextをクリック**
   - ［iFocus Next］をクリックします。

4. **ユーザーIDとパスワードを入力**
   - 表示されたログイン画面で、ユーザーIDとパスワードを入力します。

5. **ログインボタンをクリック**
   - ［ログイン］ボタンをクリックします。

### 注意点

- **ユーザーIDとパスワードの管理**
  - ユーザーIDとパスワードは大切に保管してください。
  - 忘れた場合は、システム管理者に再設定を依頼してください。
  - 他人に知られないように厳重に管理し、定期的にパスワードを変更してください。

- **バージョンの確認**
  - iFocus NEXTが最新バージョンでない場合、ログイン時に「クライアントとサーバーのバージョンが違います」というメッセージが表示されます。その場合は、最新バージョンをインストールしてください。

### ログイン後の操作

- **メニューの利用**
  - ログインが成功すると、iFocusのメニューが利用可能になります。
  - Excelでの計算方法が「手動」に切り替わります。

以上がiFocusの基本的なログイン方法です。何かご不明な点がございましたら、お気軽にお問い合わせください。"
2024-06-14 09:13:43,aaaaa@bbb.co.jp,user,2,ＡＩについて教えて
2024-06-14 09:13:43,aaaaa@bbb.co.jp,bot,2,"### AI（人工知能）について

AI（人工知能）は、コンピュータシステムが人間の知能を模倣する技術です。以下にAIの基本的な概念と応用例を紹介します。

#### 基本的な概念

- **機械学習（Machine Learning）**
  - データを使ってモデルを訓練し、予測や分類を行う技術。
  - 例：スパムメールのフィルタリング、画像認識。

- **ディープラーニング（Deep Learning）**
  - ニューラルネットワークを用いた機械学習の一種で、特に大量のデータを扱うのに適している。
  - 例：音声認識、自動運転車。

- **自然言語処理（Natural Language Processing, NLP）**
  - 人間の言語を理解し、生成する技術。
  - 例：チャットボット、翻訳アプリ。

#### 応用例

- **医療**
  - 病気の診断や治療計画の立案に利用。
  - 例：画像診断、患者データの解析。

- **金融**
  - リスク管理や市場予測に利用。
  - 例：クレジットスコアリング、不正取引の検出。

- **エンターテインメント**
  - コンテンツの推薦や生成に利用。
  - 例：映画や音楽の推薦システム、ゲームのAIキャラクター。

- **製造業**
  - 生産ラインの最適化や品質管理に利用。
  - 例：異常検知、ロボットの制御。

#### 注意点

- **倫理とプライバシー**
  - AIの利用には倫理的な問題やプライバシーの保護が重要です。
  - 例：データの取り扱い、バイアスの排除。

- **透明性と説明可能性**
  - AIの判断がどのように行われたかを説明できることが求められます。
  - 例：医療診断の根拠、金融取引の判断基準。

AIは多くの分野で革新をもたらしていますが、その利用には慎重な対応が求められます。何か具体的な質問があれば、お気軽にお知らせください。"
2024-06-14 09:15:34,aaaaa@bbb.co.jp,user,3,誤差逆伝播ってなに
2024-06-14 09:15:34,aaaaa@bbb.co.jp,bot,3,"### 誤差逆伝播（バックプロパゲーション）について

誤差逆伝播（バックプロパゲーション）は、ニューラルネットワークの学習アルゴリズムの一つで、ネットワークの重みを調整するために使用されます。以下にその基本的な概念と手順を説明します。

#### 基本的な概念

- **目的**
  - ニューラルネットワークの出力と実際の目標値（ラベル）との誤差を最小化すること。

- **誤差関数**
  - 出力と目標値の差を計算するための関数。一般的には二乗誤差やクロスエントロピー誤差が使用されます。

#### 手順

1. **順伝播（フォワードプロパゲーション）**
   - 入力データをネットワークに通し、出力を計算します。

2. **誤差の計算**
   - 出力と目標値の誤差を計算します。

3. **誤差の逆伝播**
   - 誤差を出力層から入力層に向かって逆方向に伝播させます。
   - 各層の重みとバイアスを誤差に基づいて更新します。

4. **重みの更新**
   - 誤差逆伝播で計算された勾配を使用して、重みとバイアスを更新します。
   - 更新には学習率というパラメータが使用されます。

#### 具体的なステップ

1. **順伝播**
   - 入力層から出力層までデータを通し、各ニューロンの出力を計算します。

2. **誤差の計算**
   - 出力層での誤差を計算します。
   - 例：二乗誤差 = (予測値 - 実際の値)²

3. **誤差の逆伝播**
   - 出力層から入力層に向かって、各層の誤差を計算します。
   - 各ニューロンの重みの勾配を計算します。

4. **重みの更新**
   - 勾配降下法などの最適化アルゴリズムを使用して、重みを更新します。
   - 例：新しい重み = 古い重み - 学習率 × 勾配

#### 応用例

- **画像認識**
  - 画像データを入力として、物体の分類を行う。

- **音声認識**
  - 音声データを入力として、テキストに変換する。

- **自然言語処理**
  - テキストデータを入力として、翻訳や感情分析を行う。

誤差逆伝播は、ニューラルネットワークの学習において非常に重要な役割を果たします。このアルゴリズムにより、ネットワークは効率的に学習し、精度の高い予測を行うことができます。"
2024-06-14 09:16:34,aaaaa@bbb.co.jp,user,1,ＡＩについて教えて
2024-06-14 09:16:34,aaaaa@bbb.co.jp,bot,1,"### AI（人工知能）について

AI（Artificial Intelligence、人工知能）は、コンピュータシステムが人間の知能を模倣してタスクを実行する技術です。以下にAIの基本的な情報をまとめました。

#### 1. AIの種類
- **狭義のAI（Narrow AI）**: 特定のタスクに特化したAI。例として、音声認識システムや画像認識システムが挙げられます。
- **汎用AI（General AI）**: 人間のように幅広いタスクをこなすことができるAI。現在は研究段階です。

#### 2. AIの応用分野
- **医療**: 病気の診断や治療計画の立案
- **自動運転**: 自動車の運転制御
- **金融**: リスク管理や投資戦略の立案
- **エンターテインメント**: ゲームのキャラクターや映画の特殊効果

#### 3. AIの技術
- **機械学習（Machine Learning）**: データを使ってモデルを訓練し、予測や分類を行う技術
- **ディープラーニング（Deep Learning）**: ニューラルネットワークを用いた機械学習の一種で、特に画像や音声の認識に強力
- **自然言語処理（NLP）**: 人間の言語を理解し、生成する技術

#### 4. AIの課題
- **倫理問題**: プライバシーの侵害やバイアスの問題
- **セキュリティ**: AIシステムのハッキングや悪用のリスク
- **透明性**: AIの判断プロセスがブラックボックス化する問題

AIは日々進化しており、私たちの生活やビジネスに大きな影響を与えています。興味があれば、さらに具体的な分野や技術について調べてみると良いでしょう。"
2024-06-14 09:17:06,aaaaa@bbb.co.jp,user,2,ログインの方法
2024-06-14 09:17:06,aaaaa@bbb.co.jp,bot,2,"### iFUSION Clientのログイン方法

以下の手順に従って、iFUSION Clientにログインしてください。

1. **Excelを開く**
   - Excelを起動し、[iFUSION]タブをクリックします。

2. **ログイン画面の表示**
   - [ダウンロード]ボタン、[アップロード]ボタン、または[ログイン]ボタンをクリックします。
   - ログイン画面が表示されます。

3. **ユーザーIDとパスワードの入力**
   - ユーザーIDとパスワードを入力し、[ログイン]ボタンをクリックします。

4. **エラーメッセージへの対処**
   - 以下のメッセージが表示された場合は、画像ファイルをご参照ください。
     - ""ユーザーIDまたはパスワードが正しくありません。""
     - ""アプリケーション利用権限がありません。""
     - ""システム言語が不明です。""
     - ""ロックされています。""
     - ""利用可能なプロジェクトがありません。""
     - ""利用可能なマスターデータがありません。""
     - ""パスワードの有効期限が近づいています。変更してください。残り〇日""
     - ""パスワードが期限切れになっています。""

5. **ブック選択画面の表示**
   - [ダウンロード]ボタンをクリックした場合、ブック選択画面が表示されます。

6. **アップロード設定画面の表示**
   - [アップロード]ボタンをクリックした場合、アップロード設定画面が表示されます。

7. **通知の確認**
   - ログインしたユーザーに対して通知があった場合、確認ダイアログが表示されます。
   - 「はい」をクリックすることで通知一覧画面に遷移します。

※操作イメージは、画像ファイルをご参照ください。"
2024-06-14 11:32:44,aaaaa@bbb.co.jp,user,1,音声入力 / できますか /
2024-06-14 11:32:44,aaaaa@bbb.co.jp,bot,1,"### 音声入力について

- **音声入力の対応**: 現在、弊社のパッケージ商品では音声入力機能に対応しているかどうかについての情報は提供されていません。
- **詳細な確認**: 詳細な情報が必要な場合は、製品のマニュアルや公式ウェブサイトをご確認いただくか、直接カスタマーサポートまでお問い合わせください。

ご不明点がございましたら、どうぞお気軽にお問い合わせください。"
2024-06-14 11:33:36,aaaaa@bbb.co.jp,user,2,ログインの仕方をおしぇて
2024-06-14 11:33:36,aaaaa@bbb.co.jp,bot,2,"### iFUSION Portalへのログイン方法

iFUSIONには大きく分けてポータル、デザイナー、クライアントの3種類の機能があります。以下はポータルへのログイン手順です。

1. **ログインページにアクセス**
   - インターネットブラウザを開き、所定のiFUSION Portalのログインページにアクセスします。

2. **ユーザーIDとパスワードの入力**
   - ログイン画面が表示されたら、指定されたユーザーIDとパスワードを入力します。

3. **ログインボタンをクリック**
   - 入力が完了したら、［ログイン］ボタンをクリックします。

これでiFUSION Portalにログインすることができます。ご不明点がございましたら、どうぞお気軽にお問い合わせください。"
2024-06-14 13:08:21,aaaaa@bbb.co.jp,user,0,ログインの仕方
2024-06-14 13:08:21,aaaaa@bbb.co.jp,bot,0,"{'text': 'iFUSION Portalへのログインの方法', 'index_no': 10003}"
2024-06-14 13:08:21,aaaaa@bbb.co.jp,bot,0,"{'text': 'iFUSION Designerのログイン方法', 'index_no': 30002}"
2024-06-14 13:08:21,aaaaa@bbb.co.jp,bot,0,"{'text': 'iFUSION Portalの基本操作（ログインの方法）', 'index_no': 20003}"
2024-06-14 13:08:21,aaaaa@bbb.co.jp,bot,0,"{'text': 'iFocusの基本操作（ログイン方法を説明）', 'index_no': 50003}"
2024-06-14 13:08:21,aaaaa@bbb.co.jp,bot,0,"{'text': 'iFUSION Designerへのログイン方法', 'index_no': 10012}"
2024-06-14 13:08:32,aaaaa@bbb.co.jp,user,1,iFUSION Portalへのログインの方法
2024-06-14 13:08:32,aaaaa@bbb.co.jp,bot,1,"### iFUSION Portalへのログイン方法

iFUSION Portalへのログイン手順は以下の通りです：

1. **ログインページにアクセス**
   - インターネットブラウザを開き、iFUSION Portalのログインページにアクセスします。

2. **ユーザーIDとパスワードの入力**
   - ログイン画面が表示されたら、所定のユーザーIDとパスワードを入力します。

3. **ログインボタンをクリック**
   - ユーザーIDとパスワードを入力した後、［ログイン］ボタンをクリックします。

これでiFUSION Portalにログインすることができます。"
2024-06-14 13:12:45,aaaaa@bbb.co.jp,user,2,音声入力で質問させていただきます /
2024-06-14 13:12:45,aaaaa@bbb.co.jp,bot,2,"### 音声入力での質問について

申し訳ありませんが、現在のところこのチャットボットは音声入力に対応しておりません。テキストでの質問をお願いいたします。お手数をおかけしますが、よろしくお願いいたします。"
2024-06-14 13:13:29,aaaaa@bbb.co.jp,user,3,音声入力のボタンがあるじゃないか？？
2024-06-14 13:13:29,aaaaa@bbb.co.jp,bot,3,"### 音声入力ボタンについて

音声入力ボタンが表示されている場合でも、現在のところこのチャットボットは音声入力に対応しておりません。テキストでの質問をお願いいたします。お手数をおかけしますが、よろしくお願いいたします。"
2024-06-14 13:14:56,aaaaa@bbb.co.jp,user,4,データ抽出の方法を教えてください /
2024-06-14 13:14:56,aaaaa@bbb.co.jp,bot,4,"### データ抽出の方法について

データ抽出の方法は、使用するソフトウェアやツールによって異なりますが、一般的な手順は以下の通りです：

1. **データソースの選択**
   - 抽出したいデータが保存されている場所（データベース、スプレッドシート、CSVファイルなど）を選択します。

2. **抽出条件の設定**
   - 抽出したいデータの条件（特定の列、行、フィルター条件など）を設定します。

3. **データの抽出**
   - 設定した条件に基づいてデータを抽出します。多くのツールでは「抽出」や「エクスポート」ボタンをクリックすることでデータを取得できます。

4. **データの保存**
   - 抽出したデータを必要な形式（CSV、Excel、JSONなど）で保存します。

具体的な操作手順については、使用しているソフトウェアのマニュアルやヘルプガイドを参照してください。"
2024-06-14 13:17:02,aaaaa@bbb.co.jp,user,5,データ抽出の方法を教えてください
2024-06-14 13:17:02,aaaaa@bbb.co.jp,bot,5,"### データ抽出の方法について

データ抽出の方法は、使用するソフトウェアやツールによって異なりますが、一般的な手順は以下の通りです：

1. **データソースの選択**
   - 抽出したいデータが保存されている場所（データベース、スプレッドシート、CSVファイルなど）を選択します。

2. **抽出条件の設定**
   - 抽出したいデータの条件（特定の列、行、フィルター条件など）を設定します。

3. **データの抽出**
   - 設定した条件に基づいてデータを抽出します。多くのツールでは「抽出」や「エクスポート」ボタンをクリックすることでデータを取得できます。

4. **データの保存**
   - 抽出したデータを必要な形式（CSV、Excel、JSONなど）で保存します。

具体的な操作手順については、使用しているソフトウェアのマニュアルやヘルプガイドを参照してください。"
2024-06-14 14:05:03,aaaaa@bbb.co.jp,user,1,音声入力で質問します /
2024-06-14 14:05:03,aaaaa@bbb.co.jp,bot,1,申し訳ありませんが、現在のシステムでは音声入力に対応しておりません。テキストでご質問を入力していただけますでしょうか。お手数をおかけしますが、よろしくお願いいたします。
2024-06-14 14:05:19,aaaaa@bbb.co.jp,user,2,音声入力ボタンあるやんか
2024-06-14 14:05:19,aaaaa@bbb.co.jp,bot,2,申し訳ありませんが、現在のシステムでは音声入力ボタンが表示されている場合でも、音声入力には対応しておりません。テキストでご質問を入力していただけますでしょうか。お手数をおかけしますが、よろしくお願いいたします。
2024-06-14 14:06:21,aaaaa@bbb.co.jp,user,3,パスワードの変更方法を教えて /
2024-06-14 14:06:21,aaaaa@bbb.co.jp,bot,3,"### パスワードの変更方法

パスワードを変更するには、以下の手順に従ってください：

1. **オプション**を選択します。
2. **ログイン／ログアウト**を選択します。
3. **パスワード変更**を選択します。
4. **パスワード変更**画面が表示されますので、新しいパスワードを入力します。
5. **OK**をクリックします。

操作イメージは、画像ファイルをご参照ください。"
2024-06-14 14:06:35,aaaaa@bbb.co.jp,user,4,aaaa
2024-06-14 14:06:35,aaaaa@bbb.co.jp,bot,4,"申し訳ありませんが、ご質問頂いた内容についての情報を持ち合わせていませんので
ご回答できません。必要であれば弊社のサポートチームへ連絡をお願い致します。
(Tel:xxxxxx, Email:xxxxx@imprex.co.jp)"
2024-06-14 14:07:04,aaaaa@bbb.co.jp,user,5,/ サポートチームへの連絡先教えて
2024-06-14 14:07:04,aaaaa@bbb.co.jp,bot,5,"### サポートチームへの連絡先

ご質問やサポートが必要な場合は、以下の連絡先までご連絡ください：

- **電話番号**: xxxxxx
- **メールアドレス**: xxxxx@imprex.co.jp

お手数をおかけしますが、よろしくお願いいたします。"
2024-06-14 14:42:00,aaaaa@bbb.co.jp,user,0,ログインの方法
2024-06-14 14:42:00,aaaaa@bbb.co.jp,bot,0,"{'text': 'iFUSION Portalへのログインの方法', 'index_no': 10003}"
2024-06-14 14:42:00,aaaaa@bbb.co.jp,bot,0,"{'text': 'iFUSION Designerのログイン方法', 'index_no': 30002}"
2024-06-14 14:42:00,aaaaa@bbb.co.jp,bot,0,"{'text': 'iFUSION Portalの基本操作（ログインの方法）', 'index_no': 20003}"
2024-06-14 14:42:00,aaaaa@bbb.co.jp,bot,0,"{'text': 'iFUSION Designerへのログイン方法', 'index_no': 10012}"
2024-06-14 14:42:00,aaaaa@bbb.co.jp,bot,0,"{'text': 'iFocusの基本操作（ログイン方法を説明）', 'index_no': 50003}"
2024-06-14 14:42:15,aaaaa@bbb.co.jp,user,1,iFUSION Designerのログイン方法
2024-06-14 14:42:15,aaaaa@bbb.co.jp,bot,1,"### iFUSION Designerのログイン方法

iFUSION Designerにログインするための手順は以下の通りです。

1. **iFUSION Designerの起動**
   - ［スタート］メニューから［iFUSION Designer］を選択します。
   - パス: ［スタート］－［Impress］－［iFUSION Designer］

2. **ログイン画面の表示**
   - ログイン画面が表示されます。

3. **ユーザーIDとパスワードの入力**
   - ユーザーIDとパスワードを入力します。

4. **ログインボタンのクリック**
   - ［ログイン］ボタンをクリックします。

### エラーメッセージと対処方法

ログイン時に以下のエラーメッセージが表示された場合は、対応方法を確認してください。

1. **ユーザーIDまたはパスワードが正しくありません。**
   - **対処方法:** 入力したユーザーIDまたはパスワードに誤りがあります。正しいユーザーIDまたはパスワードを入力してください。

2. **システム言語が不明です。**
   - **対処方法:** iFUSIONでは使用できない言語のためログインが行えません。使用できる言語は「日本語」、「英語」、「中国語」です。

3. **ロックされています。**
   - **対処方法:** アカウントがロックされています。システム管理者にお問い合わせください。

4. **利用可能なプロジェクトがありません。**
   - **対処方法:** ログインを行ったユーザーにマスターデータの設定がありません。マスターデータの設定があるユーザーでログインをしなおしてください。

5. **パスワードの有効期限が近づいています。変更してください。残り〇日**
   - **対処方法:** パスワードを変更すると表示されなくなります。
     - OK → パスワード変更画面を表示
     - キャンセル → そのままログイン

6. **パスワードが期限切れになっています。**
   - **対処方法:** パスワードの有効期限が切れています。パスワードの変更をお願いします。
     - OK → パスワード変更画面を表示

以上の手順と対処方法を参考にして、iFUSION Designerにログインしてください。"
2024-06-14 14:47:10,aaaaa@bbb.co.jp,user,0,ログインの方法を教えて
2024-06-14 14:47:10,aaaaa@bbb.co.jp,bot,0,"{'text': 'iFocusの基本操作（ログイン方法を説明）', 'index_no': 50003}"
2024-06-14 14:47:10,aaaaa@bbb.co.jp,bot,0,"{'text': 'iFUSION Portalへのログインの方法', 'index_no': 10003}"
2024-06-14 14:47:10,aaaaa@bbb.co.jp,bot,0,"{'text': 'iFUSION Portalの基本操作（ログインの方法）', 'index_no': 20003}"
2024-06-14 14:47:10,aaaaa@bbb.co.jp,bot,0,"{'text': 'iFUSION Designerのログイン方法', 'index_no': 30002}"
2024-06-14 14:47:10,aaaaa@bbb.co.jp,bot,0,"{'text': 'パスワードを変更する方法', 'index_no': 50015}"
2024-06-14 14:47:17,aaaaa@bbb.co.jp,user,1,iFUSION Portalへのログインの方法
2024-06-14 14:47:17,aaaaa@bbb.co.jp,bot,1,"### iFUSION Portalへのログイン方法

iFUSION Portalへのログインは以下の手順で行います。

1. **ログインページにアクセス**
   - インターネットブラウザを開き、iFUSION Portalのログインページにアクセスします。

2. **ユーザーIDとパスワードの入力**
   - ログイン画面が表示されますので、所定のユーザーIDとパスワードを入力します。

3. **ログインボタンをクリック**
   - ユーザーIDとパスワードを入力したら、［ログイン］ボタンをクリックします。

これでiFUSION Portalにログインすることができます。"
2024-06-14 14:47:48,aaaaa@bbb.co.jp,user,2,データ抽出の方法は？
2024-06-14 14:47:48,aaaaa@bbb.co.jp,bot,2,"### データ抽出の方法

データ抽出の方法については、以下の手順に従ってください。

1. **データ抽出ツールの起動**
   - 使用するデータ抽出ツールを起動します。

2. **データソースの選択**
   - 抽出したいデータが保存されているデータソース（例：データベース、スプレッドシートなど）を選択します。

3. **抽出条件の設定**
   - 抽出したいデータの条件を設定します。例えば、特定の期間のデータや特定のフィールドのデータなどを指定します。

4. **データのプレビュー**
   - 設定した条件に基づいてデータのプレビューを行い、抽出内容を確認します。

5. **データの抽出**
   - 抽出内容に問題がなければ、データを抽出します。抽出したデータはCSVファイルやExcelファイルなどの形式で保存することができます。

6. **データの確認**
   - 抽出したデータを確認し、必要に応じて修正や再抽出を行います。

具体的な操作手順や画面の詳細については、使用しているツールのマニュアルやヘルプガイドを参照してください。"
2024-06-14 15:07:44,aaaaa@bbb.co.jp,user,0,ログインの方法を教えて
2024-06-14 15:07:44,aaaaa@bbb.co.jp,bot,0,"{'text': 'iFocusの基本操作（ログイン方法を説明）', 'index_no': 50003}"
2024-06-14 15:07:44,aaaaa@bbb.co.jp,bot,0,"{'text': 'iFUSION Portalへのログインの方法', 'index_no': 10003}"
2024-06-14 15:07:44,aaaaa@bbb.co.jp,bot,0,"{'text': 'iFUSION Portalの基本操作（ログインの方法）', 'index_no': 20003}"
2024-06-14 15:07:44,aaaaa@bbb.co.jp,bot,0,"{'text': 'iFUSION Designerのログイン方法', 'index_no': 30002}"
2024-06-14 15:07:44,aaaaa@bbb.co.jp,bot,0,"{'text': 'パスワードを変更する方法', 'index_no': 50015}"
2024-06-14 15:07:50,aaaaa@bbb.co.jp,user,1,iFUSION Portalへのログインの方法
2024-06-14 15:07:50,aaaaa@bbb.co.jp,bot,1,"### iFUSION Portalへのログイン方法

iFUSION Portalへのログインは以下の手順で行います。

1. **ログインページにアクセス**
   - インターネットブラウザを開き、iFUSION Portalのログインページにアクセスします。

2. **ユーザーIDとパスワードの入力**
   - ログイン画面が表示されたら、所定のユーザーIDとパスワードを入力します。

3. **ログインボタンをクリック**
   - ユーザーIDとパスワードを入力したら、［ログイン］ボタンをクリックします。

以上の手順でiFUSION Portalにログインすることができます。"
2024-06-14 15:08:22,aaaaa@bbb.co.jp,user,2,データ抽出の方法を教えて
2024-06-14 15:08:22,aaaaa@bbb.co.jp,bot,2,"### データ抽出の方法

データ抽出の方法については、以下の手順に従ってください。

1. **データ抽出ツールの起動**
   - 使用するデータ抽出ツールを起動します。

2. **データソースの選択**
   - 抽出したいデータが保存されているデータソース（例：データベース、スプレッドシートなど）を選択します。

3. **抽出条件の設定**
   - 抽出したいデータの条件を設定します。例えば、特定の期間のデータや特定の項目に絞り込む条件を指定します。

4. **抽出の実行**
   - 設定した条件に基づいてデータ抽出を実行します。

5. **抽出結果の確認**
   - 抽出されたデータを確認し、必要に応じて保存やエクスポートを行います。

具体的な操作手順や画面の詳細については、使用しているツールのマニュアルやヘルプガイドを参照してください。"
2024-06-14 15:18:19,aaaaa@bbb.co.jp,user,0,ログインの方法を教えて
2024-06-14 15:18:19,aaaaa@bbb.co.jp,bot,0,"{'text': 'iFocusの基本操作（ログイン方法を説明）', 'index_no': 50003}"
2024-06-14 15:18:19,aaaaa@bbb.co.jp,bot,0,"{'text': 'iFUSION Portalへのログインの方法', 'index_no': 10003}"
2024-06-14 15:18:19,aaaaa@bbb.co.jp,bot,0,"{'text': 'iFUSION Portalの基本操作（ログインの方法）', 'index_no': 20003}"
2024-06-14 15:18:19,aaaaa@bbb.co.jp,bot,0,"{'text': 'iFUSION Designerのログイン方法', 'index_no': 30002}"
2024-06-14 15:18:19,aaaaa@bbb.co.jp,bot,0,"{'text': 'パスワードを変更する方法', 'index_no': 50015}"
2024-06-14 15:18:26,aaaaa@bbb.co.jp,user,1,iFUSION Portalへのログインの方法
2024-06-14 15:18:26,aaaaa@bbb.co.jp,bot,1,"### iFUSION Portalへのログイン方法

iFUSION Portalへのログインは以下の手順で行います。

1. **ログインページにアクセス**
   - インターネットブラウザを開き、iFUSION Portalのログインページにアクセスします。

2. **ユーザーIDとパスワードの入力**
   - ログイン画面が表示されますので、所定のユーザーIDとパスワードを入力します。

3. **ログインボタンをクリック**
   - ユーザーIDとパスワードを入力したら、［ログイン］ボタンをクリックします。

これでiFUSION Portalにログインすることができます。"
2024-06-14 15:19:02,aaaaa@bbb.co.jp,user,2,データ抽出の方法を教えて
2024-06-14 15:19:02,aaaaa@bbb.co.jp,bot,2,"### データ抽出の方法

データ抽出の方法については、以下の手順に従ってください。

1. **データソースの選択**
   - 使用するデータソースを選択します。データベース、スプレッドシート、CSVファイルなど、抽出元のデータ形式に応じて適切なソースを選びます。

2. **抽出条件の設定**
   - 抽出したいデータの条件を設定します。例えば、特定の列や行、特定の値に基づいてデータをフィルタリングします。

3. **抽出ツールの使用**
   - データ抽出ツールやソフトウェアを使用して、設定した条件に基づいてデータを抽出します。Excelのフィルタ機能やSQLクエリなどが一般的です。

4. **データの確認**
   - 抽出されたデータが正しいかどうかを確認します。必要に応じて、データの整合性や正確性をチェックします。

5. **データの保存**
   - 抽出したデータを必要な形式で保存します。CSVファイル、Excelファイル、データベースなど、用途に応じて適切な形式を選びます。

具体的な操作手順や画像ファイルについては、製品のマニュアルやサポートページをご参照ください。"
2024-06-14 15:24:40,aaaaa@bbb.co.jp,user,0,ログインの方法を教えて
2024-06-14 15:24:40,aaaaa@bbb.co.jp,bot,0,"{'text': 'iFocusの基本操作（ログイン方法を説明）', 'index_no': 50003}"
2024-06-14 15:24:40,aaaaa@bbb.co.jp,bot,0,"{'text': 'iFUSION Portalへのログインの方法', 'index_no': 10003}"
2024-06-14 15:24:40,aaaaa@bbb.co.jp,bot,0,"{'text': 'iFUSION Portalの基本操作（ログインの方法）', 'index_no': 20003}"
2024-06-14 15:24:40,aaaaa@bbb.co.jp,bot,0,"{'text': 'iFUSION Designerのログイン方法', 'index_no': 30002}"
2024-06-14 15:24:40,aaaaa@bbb.co.jp,bot,0,"{'text': 'パスワードを変更する方法', 'index_no': 50015}"
2024-06-14 15:24:47,aaaaa@bbb.co.jp,user,1,iFUSION Portalへのログインの方法
2024-06-14 15:24:47,aaaaa@bbb.co.jp,bot,1,"### iFUSION Portalへのログイン方法

iFUSION Portalへのログインは以下の手順で行います。

1. **ログインページにアクセス**
   - インターネットブラウザを開き、iFUSION Portalのログインページにアクセスします。

2. **ユーザーIDとパスワードの入力**
   - ログイン画面が表示されたら、所定のユーザーIDとパスワードを入力します。

3. **ログインボタンをクリック**
   - ユーザーIDとパスワードを入力したら、［ログイン］ボタンをクリックします。

以上の手順でiFUSION Portalにログインすることができます。"
2024-06-14 15:25:18,aaaaa@bbb.co.jp,user,2,データ抽出の方法を教えて
2024-06-14 15:25:18,aaaaa@bbb.co.jp,bot,2,"### データ抽出の方法

データ抽出の方法については、以下の手順に従ってください。

1. **データソースの選択**
   - 使用するデータソースを選択します。データベース、スプレッドシート、CSVファイルなど、抽出元のデータ形式に応じて適切なツールを選びます。

2. **抽出条件の設定**
   - 抽出したいデータの条件を設定します。例えば、特定の列や行、特定の値を持つデータなどを指定します。

3. **抽出ツールの使用**
   - データ抽出ツールを使用して、設定した条件に基づいてデータを抽出します。SQLクエリ、フィルタリング機能、スクリプトなどを使用することが一般的です。

4. **抽出結果の確認**
   - 抽出されたデータが正しいかどうかを確認します。必要に応じて、データの整合性や完全性をチェックします。

5. **データの保存**
   - 抽出したデータを必要な形式で保存します。CSVファイル、Excelファイル、データベースなど、使用目的に応じて適切な形式を選びます。

具体的な操作手順やツールの使い方については、使用するソフトウェアやシステムのマニュアルを参照してください。"
2024-06-14 15:25:57,aaaaa@bbb.co.jp,user,3,パスワードを変更する方法
2024-06-14 15:25:57,aaaaa@bbb.co.jp,bot,3,"### パスワードを変更する方法

パスワードを変更するには、以下の手順に従ってください。

1. **オプションメニューにアクセス**
   - ログイン後、画面上部またはサイドメニューにある「オプション」をクリックします。

2. **ログイン／ログアウトメニューの選択**
   - 「オプション」メニュー内にある「ログイン／ログアウト」を選択します。

3. **パスワード変更画面の表示**
   - 「ログイン／ログアウト」メニュー内にある「パスワード変更」をクリックします。

4. **新しいパスワードの入力**
   - 「パスワード変更」画面が表示されたら、新しいパスワードを入力します。

5. **変更の確定**
   - 新しいパスワードを入力したら、「OK」ボタンをクリックして変更を確定します。

操作イメージについては、画像ファイルやマニュアルをご参照ください。"
2024-06-14 15:40:13,aaaaa@bbb.co.jp,user,1,/ データの抽出方法について教えてください
2024-06-14 15:40:13,aaaaa@bbb.co.jp,bot,1,"### データの抽出方法について

データの抽出方法は細かい操作が必要となりますので、以下の手順に従ってください。

1. **画像ファイルの参照**:
    - 作成済みのデータから指定したブックのデータを抽出する方法は、画像ファイルをご参照ください。

2. **手順の概要**:
    - 画像ファイルには、具体的な操作手順が詳細に記載されています。
    - 画像を見ながら操作を進めることで、正確にデータを抽出することができます。

もし画像ファイルが手元にない場合や、詳細な手順が必要な場合は、サポートチームまでご連絡ください。"
2024-06-14 15:41:06,aaaaa@bbb.co.jp,user,2,パスワードの変更方法を教えて /
2024-06-14 15:41:06,aaaaa@bbb.co.jp,bot,2,"### パスワードの変更方法について

パスワードの変更は以下の手順で行ってください。

1. **オプションメニューを開く**:
    - メニューから「オプション」を選択します。

2. **ログイン／ログアウトを選択**:
    - 「ログイン／ログアウト」オプションをクリックします。

3. **パスワード変更画面を表示**:
    - 「パスワード変更」オプションを選択すると、パスワード変更画面が表示されます。

4. **新しいパスワードを入力**:
    - 新しいパスワードを入力し、「OK」をクリックします。

操作イメージは、画像ファイルをご参照ください。もし画像ファイルが手元にない場合や、詳細な手順が必要な場合は、サポートチームまでご連絡ください。"
2024-06-14 17:49:43,aaaaa@bbb.co.jp,user,0,ログインの方法を教えて
2024-06-14 17:49:43,aaaaa@bbb.co.jp,bot,0,"{'text': 'iFocusの基本操作（ログイン方法を説明）', 'index_no': 50003}"
2024-06-14 17:49:43,aaaaa@bbb.co.jp,bot,0,"{'text': 'iFUSION Portalへのログインの方法', 'index_no': 10003}"
2024-06-14 17:49:43,aaaaa@bbb.co.jp,bot,0,"{'text': 'iFUSION Portalの基本操作（ログインの方法）', 'index_no': 20003}"
2024-06-14 17:49:43,aaaaa@bbb.co.jp,bot,0,"{'text': 'iFUSION Designerのログイン方法', 'index_no': 30002}"
2024-06-14 17:49:43,aaaaa@bbb.co.jp,bot,0,"{'text': 'パスワードを変更する方法', 'index_no': 50015}"
2024-06-14 17:50:35,aaaaa@bbb.co.jp,user,1,iFUSION Portalへのログインの方法
2024-06-14 17:50:35,aaaaa@bbb.co.jp,bot,1,"### iFUSION Portalへのログイン方法

iFUSION Portalへのログインは以下の手順で行います。

1. **ログインページにアクセス**
   - インターネットブラウザを開き、iFUSION Portalのログインページにアクセスします。

2. **ユーザーIDとパスワードの入力**
   - ログイン画面が表示されたら、所定のユーザーIDとパスワードを入力します。

3. **ログインボタンをクリック**
   - ユーザーIDとパスワードを入力した後、［ログイン］ボタンをクリックします。

以上の手順でiFUSION Portalにログインすることができます。"
2024-06-14 17:52:07,aaaaa@bbb.co.jp,user,2,パスワードの変更方法を教えて
2024-06-14 17:52:07,aaaaa@bbb.co.jp,bot,2,"### パスワードの変更方法

iFUSION Portalのパスワードを変更する手順は以下の通りです。

1. **ログイン**
   - まず、iFUSION Portalにログインします。

2. **オプションメニューにアクセス**
   - ログイン後、画面上部のメニューから「オプション」を選択します。

3. **ログイン／ログアウトオプションを選択**
   - 「オプション」メニュー内の「ログイン／ログアウト」をクリックします。

4. **パスワード変更画面を表示**
   - 「パスワード変更」オプションを選択すると、パスワード変更画面が表示されます。

5. **新しいパスワードを入力**
   - 新しいパスワードを入力し、「OK」ボタンをクリックします。

以上の手順でパスワードを変更することができます。操作イメージについては、画像ファイルをご参照ください。"
2024-06-14 17:53:04,aaaaa@bbb.co.jp,user,3,パスワードを変更する方法
2024-06-14 17:53:04,aaaaa@bbb.co.jp,bot,3,"### パスワードの変更方法

iFUSION Portalのパスワードを変更する手順は以下の通りです。

1. **ログイン**
   - まず、iFUSION Portalにログインします。

2. **オプションメニューにアクセス**
   - ログイン後、画面上部のメニューから「オプション」を選択します。

3. **ログイン／ログアウトオプションを選択**
   - 「オプション」メニュー内の「ログイン／ログアウト」をクリックします。

4. **パスワード変更画面を表示**
   - 「パスワード変更」オプションを選択すると、パスワード変更画面が表示されます。

5. **新しいパスワードを入力**
   - 新しいパスワードを入力し、「OK」ボタンをクリックします。

以上の手順でパスワードを変更することができます。操作イメージについては、画像ファイルをご参照ください。"
2024-06-14 20:56:35,aaaaa@bbb.co.jp,user,0,抽出データの展開方法
2024-06-14 20:56:35,aaaaa@bbb.co.jp,bot,0,"{'text': '抽出データの展開方法\n（iFocus Next）', 'index_no': 10046}"
2024-06-14 20:56:35,aaaaa@bbb.co.jp,bot,0,"{'text': '出力フォーマット作成（データを抽出方法する方法）', 'index_no': 50007}"
2024-06-14 20:56:35,aaaaa@bbb.co.jp,bot,0,"{'text': 'データの抽出\n（iFUSION Designer）', 'index_no': 10039}"
2024-06-14 20:56:35,aaaaa@bbb.co.jp,bot,0,"{'text': '抽出データの配置設定方法\n（iFocus Next）', 'index_no': 10045}"
2024-06-14 20:56:35,aaaaa@bbb.co.jp,bot,0,"{'text': '抽出データの配置設定方法(2)\n（iFocus Next）', 'index_no': 10049}"
2024-06-14 20:58:07,aaaaa@bbb.co.jp,user,0,抽出データの展開方法
2024-06-14 20:58:07,aaaaa@bbb.co.jp,bot,0,"{'text': '抽出データの展開方法\n（iFocus Next）', 'index_no': 10046}"
2024-06-14 20:58:07,aaaaa@bbb.co.jp,bot,0,"{'text': '出力フォーマット作成（データを抽出方法する方法）', 'index_no': 50007}"
2024-06-14 20:58:07,aaaaa@bbb.co.jp,bot,0,"{'text': 'データの抽出\n（iFUSION Designer）', 'index_no': 10039}"
2024-06-14 20:58:07,aaaaa@bbb.co.jp,bot,0,"{'text': '抽出データの配置設定方法\n（iFocus Next）', 'index_no': 10045}"
2024-06-14 20:58:07,aaaaa@bbb.co.jp,bot,0,"{'text': '抽出データの配置設定方法(2)\n（iFocus Next）', 'index_no': 10049}"
2024-06-14 21:02:31,aaaaa@bbb.co.jp,user,0,集計用ブックの取り込み（iFUSION Designer）
2024-06-14 21:02:31,aaaaa@bbb.co.jp,bot,0,"{'text': '集計用ブックの取り込み（iFUSION Designer）', 'index_no': 10037}"
2024-06-14 21:02:31,aaaaa@bbb.co.jp,bot,0,"{'text': 'iFUSIONへExcelファイルをブックごと取り込みする（iFUSION Designer）', 'index_no': 10013}"
2024-06-14 21:02:31,aaaaa@bbb.co.jp,bot,0,"{'text': 'iFUSIONへ取り込んだExcelファイルのブックを保存する\n（iFUSION Designer）', 'index_no': 10017}"
2024-06-14 21:02:31,aaaaa@bbb.co.jp,bot,0,"{'text': 'データの抽出\n（iFUSION Designer）', 'index_no': 10039}"
2024-06-14 21:02:31,aaaaa@bbb.co.jp,bot,0,"{'text': 'iFUSIONへ取り込んだExcelファイルのブック名を変更する（iFUSION Designer）', 'index_no': 10014}"
2024-06-14 21:03:38,aaaaa@bbb.co.jp,user,1,集計用ブックの取り込み（iFUSION Designer）
2024-06-14 21:03:38,aaaaa@bbb.co.jp,bot,1,"### iFUSION Designerでの集計用ブックの取り込み方法

iFUSION Designerで集計用ブックを取り込む手順は以下の通りです。

1. **Excelファイルの準備**
   - 集計用のExcelファイルを用意します。

2. **取り込み画面の表示**
   - iFUSION Designerを開き、[取り込み]ボタンをクリックします。

3. **既存ブックの保存確認**
   - 既に他のブックが開かれている場合、「現在のブックの編集を中止し、このブックを取り込みますか？」というメッセージが表示されます。
   - 保存が必要な場合は「キャンセル」をクリックし、ブックを保存してから再度取り込みを行います。

4. **ファイルの選択**
   - […]ボタンをクリックし、取り込みたい「【集計】販売速報集計用」ファイルを指定します。
   - [開く]ボタンをクリックします。

5. **取り込みの完了**
   - ファイルを開いたら、[OK]ボタンをクリックして取り込みを完了します。

以上の手順で、iFUSION Designerに集計用ブックを取り込むことができます。"
2024-06-14 21:04:26,aaaaa@bbb.co.jp,user,0,ログインの方法を教えて
2024-06-14 21:04:26,aaaaa@bbb.co.jp,bot,0,"{'text': 'ログイン方法\n（iFocus Next）', 'index_no': 10042}"
2024-06-14 21:04:26,aaaaa@bbb.co.jp,bot,0,"{'text': 'iFocusの基本操作（ログイン方法を説明）', 'index_no': 50003}"
2024-06-14 21:04:26,aaaaa@bbb.co.jp,bot,0,"{'text': 'iFUSION Portalへのログインの方法', 'index_no': 10003}"
2024-06-14 21:04:26,aaaaa@bbb.co.jp,bot,0,"{'text': 'iFUSION Portalの基本操作（ログインの方法）', 'index_no': 20003}"
2024-06-14 21:04:26,aaaaa@bbb.co.jp,bot,0,"{'text': 'iFUSION Designerのログイン方法', 'index_no': 30002}"
2024-06-14 21:04:39,aaaaa@bbb.co.jp,user,1,iFocusの基本操作（ログイン方法を説明）
2024-06-14 21:04:39,aaaaa@bbb.co.jp,bot,1,"### iFocusの基本操作：ログイン方法

iFocusにログインするための手順は以下の通りです。

1. **Excelを起動**
   - Excelを起動します。

2. **iFUSIONタブをクリック**
   - Excelの上部にある［iFUSION］タブをクリックします。

3. **iFocus Nextをクリック**
   - ［iFocus Next］をクリックします。

4. **ユーザーIDとパスワードを入力**
   - 表示されたログイン画面で、ユーザーIDとパスワードを入力します。

5. **ログインボタンをクリック**
   - ［ログイン］ボタンをクリックします。

### 注意事項

- **ユーザーIDとパスワードの管理**
  - ユーザーIDとパスワードは大切に保管してください。
  - 忘れた場合はシステム管理者にお問い合わせください。
  - 他人に知られないように厳重に管理し、定期的にパスワードを変更してください。

- **エラーメッセージ**
  - ユーザーIDまたはパスワードが正しくない場合、「ユーザーIDまたはパスワードが正しくありません」というメッセージが表示されます。その場合は、正しい情報を入力してください。

- **バージョンの確認**
  - iFocus NEXTが最新バージョンでない場合、「クライアントとサーバーのバージョンが違います」というメッセージが表示されます。その場合は、最新バージョンをインストールしてください。

### ログイン後の操作

- **メニューの利用**
  - ログインが成功すると、iFocusのメニューが利用可能になります。
  - Excelでの計算方法が「手動」に切り替わります。
  - 設定を変更した場合、次回ログイン時には変更した設定が反映されます。

以上がiFocusの基本操作であるログイン方法です。"
2024-06-14 21:05:30,aaaaa@bbb.co.jp,user,2,登録データを管理するマスタ情報を登録する方法
2024-06-14 21:05:30,aaaaa@bbb.co.jp,bot,2,"### マスタ情報の登録方法

マスタ情報を登録するための手順は以下の通りです。

1. **Excelを起動**
   - Excelを起動します。

2. **iFUSIONタブをクリック**
   - Excelの上部にある［iFUSION］タブをクリックします。

3. **iFocus Nextをクリック**
   - ［iFocus Next］をクリックします。

4. **ログイン**
   - ユーザーIDとパスワードを入力してログインします。

5. **マスタ取込メニューを選択**
   - ログイン後、iFocusのメニューから［マスタ取込］を選択します。

6. **取込ファイルの選択**
   - 取込用のExcelファイルを選択します。このファイルには、登録したいマスタ情報が含まれている必要があります。

7. **取込設定の確認**
   - 取込設定を確認し、必要に応じて修正します。

8. **取込実行**
   - 設定が完了したら、［取込実行］ボタンをクリックしてマスタ情報を登録します。

### 注意事項

- **データの整合性**
  - 取込用のExcelファイルのデータが正確であることを確認してください。
  - データに不整合がある場合、エラーメッセージが表示されることがあります。

- **バックアップ**
  - 取込前に既存のデータのバックアップを取ることをお勧めします。

- **権限の確認**
  - マスタ情報の登録には適切な権限が必要です。権限がない場合は、システム管理者にお問い合わせください。

以上がマスタ情報を登録する方法です。"
2024-06-14 21:06:33,aaaaa@bbb.co.jp,user,2,抽出条件設定方法
2024-06-14 21:06:33,aaaaa@bbb.co.jp,bot,2,"{'text': '抽出条件設定方法\n（iFocus Next）', 'index_no': 10044}"
2024-06-14 21:06:33,aaaaa@bbb.co.jp,bot,2,"{'text': '抽出条件設定方法(2)\n（iFocus Next）', 'index_no': 10048}"
2024-06-14 21:06:33,aaaaa@bbb.co.jp,bot,2,"{'text': '抽出元選択方法(1)\n（iFocus Next）', 'index_no': 10043}"
2024-06-14 21:06:33,aaaaa@bbb.co.jp,bot,2,"{'text': '抽出元選択方法(2)\n（iFocus Next）', 'index_no': 10047}"
2024-06-14 21:06:33,aaaaa@bbb.co.jp,bot,2,"{'text': '抽出データの配置設定方法\n（iFocus Next）', 'index_no': 10045}"
2024-06-14 21:10:38,aaaaa@bbb.co.jp,user,2,はじめてのiFUSION_レクチャー内容のまとめ
2024-06-14 21:10:38,aaaaa@bbb.co.jp,bot,2,"{'text': 'はじめてのiFUSION_レクチャー内容のまとめ', 'index_no': 10050}"
2024-06-14 21:10:38,aaaaa@bbb.co.jp,bot,2,"{'text': 'iFUSIONでの作業の進め方', 'index_no': 10001}"
2024-06-14 21:10:38,aaaaa@bbb.co.jp,bot,2,"{'text': 'iFUSION Portalの概略', 'index_no': 10026}"
2024-06-14 21:10:38,aaaaa@bbb.co.jp,bot,2,"{'text': 'iFUSIONでの、各ステップ毎の作業概要', 'index_no': 10002}"
2024-06-14 21:10:38,aaaaa@bbb.co.jp,bot,2,"{'text': 'iFUSION Designerのメニューの内容説明', 'index_no': 30001}"
2024-06-14 21:10:52,aaaaa@bbb.co.jp,user,3,はじめてのiFUSION_レクチャー内容のまとめ
2024-06-14 21:10:52,aaaaa@bbb.co.jp,bot,3,"### はじめてのiFUSION：レクチャー内容のまとめ

iFUSIONの基本操作や設定方法についてのレクチャー内容を以下にまとめました。

#### 1. iFUSIONの基本操作

- **Excelを起動**
  - Excelを起動します。

- **iFUSIONタブをクリック**
  - Excelの上部にある［iFUSION］タブをクリックします。

- **iFocus Nextをクリック**
  - ［iFocus Next］をクリックします。

- **ログイン**
  - ユーザーIDとパスワードを入力してログインします。

#### 2. マスタ情報の登録方法

- **マスタ取込メニューを選択**
  - ログイン後、iFocusのメニューから［マスタ取込］を選択します。

- **取込ファイルの選択**
  - 取込用のExcelファイルを選択します。このファイルには、登録したいマスタ情報が含まれている必要があります。

- **取込設定の確認**
  - 取込設定を確認し、必要に応じて修正します。

- **取込実行**
  - 設定が完了したら、［取込実行］ボタンをクリックしてマスタ情報を登録します。

#### 3. 注意事項

- **データの整合性**
  - 取込用のExcelファイルのデータが正確であることを確認してください。
  - データに不整合がある場合、エラーメッセージが表示されることがあります。

- **バックアップ**
  - 取込前に既存のデータのバックアップを取ることをお勧めします。

- **権限の確認**
  - マスタ情報の登録には適切な権限が必要です。権限がない場合は、システム管理者にお問い合わせください。

#### 4. 実運用時の役割

- **入力者**
  - iFUSION PortalまたはiFUSION Clientでダウンロード・アップロードの対応を行います。

- **管理者**
  - 各年月等の変更や組織変更時などのメンテナンス作業（テーブル範囲の変更や抽出設定の変更）を行います。

以上が、はじめてのiFUSIONに関するレクチャー内容のまとめです。"
2024-06-14 21:11:39,aaaaa@bbb.co.jp,user,3,集計用ブックの取り込み（iFUSION Designer）
2024-06-14 21:11:39,aaaaa@bbb.co.jp,bot,3,"{'text': '集計用ブックの取り込み（iFUSION Designer）', 'index_no': 10037}"
2024-06-14 21:11:39,aaaaa@bbb.co.jp,bot,3,"{'text': 'iFUSIONへExcelファイルをブックごと取り込みする（iFUSION Designer）', 'index_no': 10013}"
2024-06-14 21:11:39,aaaaa@bbb.co.jp,bot,3,"{'text': 'iFUSIONへ取り込んだExcelファイルのブックを保存する\n（iFUSION Designer）', 'index_no': 10017}"
2024-06-14 21:11:39,aaaaa@bbb.co.jp,bot,3,"{'text': 'データの抽出\n（iFUSION Designer）', 'index_no': 10039}"
2024-06-14 21:11:39,aaaaa@bbb.co.jp,bot,3,"{'text': 'iFUSIONへ取り込んだExcelファイルのブック名を変更する（iFUSION Designer）', 'index_no': 10014}"
2024-06-14 21:11:57,aaaaa@bbb.co.jp,user,4,集計用ブックの取り込み（iFUSION Designer）
2024-06-14 21:11:57,aaaaa@bbb.co.jp,bot,4,"### iFUSION Designerでの集計用ブックの取り込み方法

iFUSION Designerで集計用ブックを取り込む手順は以下の通りです。

1. **Excelを起動**
   - Excelを起動します。

2. **iFUSIONタブをクリック**
   - Excelの上部にある［iFUSION］タブをクリックします。

3. **iFocus Nextをクリック**
   - ［iFocus Next］をクリックします。

4. **ログイン**
   - ユーザーIDとパスワードを入力してログインします。

5. **集計用ブックの取り込み**
   - iFUSION Designerを開きます。
   - 表示された画面で、［取り込み］をクリックします。

6. **既存ブックの確認**
   - 既に他のブックが開かれている場合、「現在のブックの編集を中止し、このブックを取り込みますか？」というメッセージが表示されます。
   - 保存する場合は「キャンセル」をクリックして戻り、保存を行ってから再度取り込みを行います。

7. **ファイルの選択**
   - […]ボタンをクリックし、「【集計】販売速報集計用」ファイルを指定して［開く］ボタンをクリックします。

8. **取り込みの完了**
   - ファイルを開いたら、［OK］ボタンをクリックして取り込みを完了します。

### 注意事項

- **データの整合性**
  - 取り込むファイルのデータが正確であることを確認してください。
  - データに不整合がある場合、エラーメッセージが表示されることがあります。

- **バックアップ**
  - 取り込み前に既存のデータのバックアップを取ることをお勧めします。

- **権限の確認**
  - 集計用ブックの取り込みには適切な権限が必要です。権限がない場合は、システム管理者にお問い合わせください。

以上が、iFUSION Designerでの集計用ブックの取り込み方法です。"
2024-06-14 21:13:12,aaaaa@bbb.co.jp,user,4,データの抽出（iFUSION Designer）
2024-06-14 21:13:12,aaaaa@bbb.co.jp,bot,4,"{'text': 'データの抽出\n（iFUSION Designer）', 'index_no': 10039}"
2024-06-14 21:13:12,aaaaa@bbb.co.jp,bot,4,"{'text': 'データ抽出の変更\n（iFUSION Designer）', 'index_no': 10040}"
2024-06-14 21:13:12,aaaaa@bbb.co.jp,bot,4,"{'text': 'iFUSIONへExcelファイルをブックごと取り込みする（iFUSION Designer）', 'index_no': 10013}"
2024-06-14 21:13:12,aaaaa@bbb.co.jp,bot,4,"{'text': '集計用ブックの取り込み（iFUSION Designer）', 'index_no': 10037}"
2024-06-14 21:13:12,aaaaa@bbb.co.jp,bot,4,"{'text': 'iFUSIONへ取り込んだExcelファイルのデザインを変更する\n（iFUSION Designer）', 'index_no': 10016}"
2024-06-15 09:32:20,aaaaa@bbb.co.jp,user,0,テーブルの配置設定
2024-06-15 09:32:20,aaaaa@bbb.co.jp,bot,0,"{'text': 'テーブルの配置設定を行いたい', 'index_no': 60071}"
2024-06-15 09:32:20,aaaaa@bbb.co.jp,bot,0,"{'text': 'テーブルの配置設定（iFUSION Designer）', 'index_no': 10020}"
2024-06-15 09:32:20,aaaaa@bbb.co.jp,bot,0,"{'text': 'テーブルの配置設定（手動）（iFUSION Designer）', 'index_no': 10022}"
2024-06-15 09:32:20,aaaaa@bbb.co.jp,bot,0,"{'text': 'テーブル定義配置設定時に項目を飛ばして配置したい', 'index_no': 60103}"
2024-06-15 09:32:20,aaaaa@bbb.co.jp,bot,0,"{'text': '紐付けしたテーブルの位置や行数を変更したい', 'index_no': 60079}"
2024-06-15 09:32:35,aaaaa@bbb.co.jp,user,1,テーブルの配置設定（iFUSION Designer）
2024-06-15 09:32:35,aaaaa@bbb.co.jp,bot,1,"### iFUSION Designerのテーブルの配置設定について

iFUSION Designerでの「テーブルの配置設定」は、登録したテーブル定義とExcel上のセル位置を関連付ける作業です。以下の手順に従って設定を行います。

#### 手順

1. **セルの選択**
   - 青枠で囲まれたB7セルからH14セルを選択します。

2. **テーブル定義の関連付け**
   - 「販売速報車種」テーブル定義をダブルクリック、または右クリックして「アクティブなセルに配置」を選択します。

3. **表タイプの選択**
   - 画面左側が「表タイプの選択」に変わります。
   - 「横方向に項目を指定してテーブル定義を配置します」を選択し、［次へ］ボタンをクリックします。

4. **セルの設定**
   - H2の「記入者」欄を選択し、左の[セルの設定]のテーブル定義の項目から「記入者」を選択し、[関連付け]ボタンをクリックします。
   - [位置]に「$H$2」が表示されたら、[次へ]をクリックします。

5. **ヘッダー、範囲の設定**
   - B7セルからH14セルまでがテーブルの範囲として設定されます。
   - 行ヘッダーのプルダウンから「車種」を選択し、[行ヘッダー]ボタンをクリックします。
   - 「リスト定義選択」画面で、左下の［範囲選択］ボタンをクリックし、B7～B14を選択し、[OK]をクリックします。
   - [行ヘッダー]ボタンの横に「$B$7:$B$14」と表示されたら、行ヘッダー設定は完了です。
   - [テーブルの範囲]の[列]を6に変更し、［次へ］ボタンをクリックします。

6. **項目の設定**
   - テーブル定義の項目とセルの範囲の紐付けを行います。
   - 終了したら[次へ]をクリックします。

7. **配置設定の確認**
   - 配置設定の名前を付けます。今回は「販売速報車種」で登録します。
   - ［OK］ボタンをクリックし、設定完了のメッセージが出たら［OK］ボタンをクリックします。

以上で、販売速報入力シートの配置設定は終了です。"
2024-06-15 09:34:00,aaaaa@bbb.co.jp,user,2,標準ラベルの挿入
2024-06-15 09:34:00,aaaaa@bbb.co.jp,bot,2,"### iFUSION Designerでの標準ラベルの挿入方法

iFUSION Designerで標準ラベルを挿入する手順は以下の通りです。

#### 手順

1. **標準ラベルタブの表示**
   - 画面左側のツリーから［標準ラベル］タブを開きます。

2. **ラベルの選択と挿入**
   - 挿入したい標準ラベルを選択します。
   - 例えば、「@対象期の開始年月日」をJ2セルに、「@組織名」をJ5セルにドラッグ＆ドロップします。

以上の手順で、標準ラベルを簡単に挿入することができます。"
2024-06-15 11:08:30,aaaaa@bbb.co.jp,user,0,ログインの方法
2024-06-15 11:08:30,aaaaa@bbb.co.jp,bot,0,"{'text': 'ログイン方法（iFocus Next）', 'index_no': 10042}"
2024-06-15 11:08:30,aaaaa@bbb.co.jp,bot,0,"{'text': 'iFUSION Portalへのログインの方法', 'index_no': 10003}"
2024-06-15 11:08:30,aaaaa@bbb.co.jp,bot,0,"{'text': 'iFUSION Designerのログイン方法', 'index_no': 30002}"
2024-06-15 11:08:30,aaaaa@bbb.co.jp,bot,0,"{'text': 'iFUSION Portalの基本操作（ログインの方法）', 'index_no': 20003}"
2024-06-15 11:08:30,aaaaa@bbb.co.jp,bot,0,"{'text': 'iFUSION Designerへのログイン方法', 'index_no': 10012}"
2024-06-15 11:08:42,aaaaa@bbb.co.jp,user,1,iFUSION Designerのログイン方法
2024-06-15 11:08:42,aaaaa@bbb.co.jp,bot,1,"### iFUSION Designerのログイン方法

以下の手順に従って、iFUSION Designerにログインしてください。

1. **iFUSION Designerの起動**
   - ［スタート］メニューから［iFUSION Designer］を選択します。
   - パス: ［スタート］－［Impress］－［iFUSION Designer］

2. **ログイン画面の表示**
   - ログイン画面が表示されます。

3. **ユーザーIDとパスワードの入力**
   - ユーザーIDとパスワードを入力します。

4. **ログインボタンのクリック**
   - ［ログイン］ボタンをクリックします。

### エラーメッセージと対処方法

ログイン時に以下のエラーメッセージが表示された場合は、対応方法を確認してください。

1. **ユーザーIDまたはパスワードが正しくありません**
   - **対処方法**: 入力したユーザーIDまたはパスワードに誤りがあります。正しいユーザーIDまたはパスワードを入力してください。

2. **システム言語が不明です**
   - **対処方法**: iFUSIONでは使用できない言語のためログインが行えません。使用できる言語は「日本語」、「英語」、「中国語」です。

3. **ロックされています**
   - **対処方法**: アカウントがロックされています。システム管理者にお問い合わせください。

4. **利用可能なプロジェクトがありません**
   - **対処方法**: ログインを行ったユーザーにマスターデータの設定がありません。マスターデータの設定があるユーザーでログインをしなおしてください。

5. **パスワードの有効期限が近づいています**
   - **対処方法**: パスワードを変更すると表示されなくなります。
     - OK: パスワード変更画面を表示
     - キャンセル: そのままログイン

6. **パスワードが期限切れになっています**
   - **対処方法**: パスワードの変更をお願いします。
     - OK: パスワード変更画面を表示

以上の手順と対処方法を参考にして、iFUSION Designerにログインしてください。"
